[
  {
    "model": "caluma_form.form",
    "pk": "table-form",
    "fields": {
      "created_at": "2019-12-12T13:53:15.777Z",
      "modified_at": "2019-12-12T13:53:15.777Z",
      "created_by_user": null,
      "created_by_group": null,
      "name": "{\"af\": null, \"ar\": null, \"ast\": null, \"az\": null, \"bg\": null, \"be\": null, \"bn\": null, \"br\": null, \"bs\": null, \"ca\": null, \"cs\": null, \"cy\": null, \"da\": null, \"de\": null, \"dsb\": null, \"el\": null, \"en\": \"table-form\", \"en-au\": null, \"en-gb\": null, \"eo\": null, \"es\": null, \"es-ar\": null, \"es-co\": null, \"es-mx\": null, \"es-ni\": null, \"es-ve\": null, \"et\": null, \"eu\": null, \"fa\": null, \"fi\": null, \"fr\": null, \"fy\": null, \"ga\": null, \"gd\": null, \"gl\": null, \"he\": null, \"hi\": null, \"hr\": null, \"hsb\": null, \"hu\": null, \"hy\": null, \"ia\": null, \"id\": null, \"io\": null, \"is\": null, \"it\": null, \"ja\": null, \"ka\": null, \"kab\": null, \"kk\": null, \"km\": null, \"kn\": null, \"ko\": null, \"lb\": null, \"lt\": null, \"lv\": null, \"mk\": null, \"ml\": null, \"mn\": null, \"mr\": null, \"my\": null, \"nb\": null, \"ne\": null, \"nl\": null, \"nn\": null, \"os\": null, \"pa\": null, \"pl\": null, \"pt\": null, \"pt-br\": null, \"ro\": null, \"ru\": null, \"sk\": null, \"sl\": null, \"sq\": null, \"sr\": null, \"sr-latn\": null, \"sv\": null, \"sw\": null, \"ta\": null, \"te\": null, \"th\": null, \"tr\": null, \"tt\": null, \"udm\": null, \"uk\": null, \"ur\": null, \"vi\": null, \"zh-hans\": null, \"zh-hant\": null}",
      "description": "{\"af\": null, \"ar\": null, \"ast\": null, \"az\": null, \"bg\": null, \"be\": null, \"bn\": null, \"br\": null, \"bs\": null, \"ca\": null, \"cs\": null, \"cy\": null, \"da\": null, \"de\": null, \"dsb\": null, \"el\": null, \"en\": \"\", \"en-au\": null, \"en-gb\": null, \"eo\": null, \"es\": null, \"es-ar\": null, \"es-co\": null, \"es-mx\": null, \"es-ni\": null, \"es-ve\": null, \"et\": null, \"eu\": null, \"fa\": null, \"fi\": null, \"fr\": null, \"fy\": null, \"ga\": null, \"gd\": null, \"gl\": null, \"he\": null, \"hi\": null, \"hr\": null, \"hsb\": null, \"hu\": null, \"hy\": null, \"ia\": null, \"id\": null, \"io\": null, \"is\": null, \"it\": null, \"ja\": null, \"ka\": null, \"kab\": null, \"kk\": null, \"km\": null, \"kn\": null, \"ko\": null, \"lb\": null, \"lt\": null, \"lv\": null, \"mk\": null, \"ml\": null, \"mn\": null, \"mr\": null, \"my\": null, \"nb\": null, \"ne\": null, \"nl\": null, \"nn\": null, \"os\": null, \"pa\": null, \"pl\": null, \"pt\": null, \"pt-br\": null, \"ro\": null, \"ru\": null, \"sk\": null, \"sl\": null, \"sq\": null, \"sr\": null, \"sr-latn\": null, \"sv\": null, \"sw\": null, \"ta\": null, \"te\": null, \"th\": null, \"tr\": null, \"tt\": null, \"udm\": null, \"uk\": null, \"ur\": null, \"vi\": null, \"zh-hans\": null, \"zh-hant\": null}",
      "meta": {},
      "is_published": true,
      "is_archived": false,
      "source": null
    }
  },
  {
    "model": "caluma_form.form",
    "pk": "test-form",
    "fields": {
      "created_at": "2019-12-12T13:51:37.041Z",
      "modified_at": "2019-12-12T13:51:37.041Z",
      "created_by_user": null,
      "created_by_group": null,
      "name": "{\"af\": null, \"ar\": null, \"ast\": null, \"az\": null, \"bg\": null, \"be\": null, \"bn\": null, \"br\": null, \"bs\": null, \"ca\": null, \"cs\": null, \"cy\": null, \"da\": null, \"de\": null, \"dsb\": null, \"el\": null, \"en\": \"test-form\", \"en-au\": null, \"en-gb\": null, \"eo\": null, \"es\": null, \"es-ar\": null, \"es-co\": null, \"es-mx\": null, \"es-ni\": null, \"es-ve\": null, \"et\": null, \"eu\": null, \"fa\": null, \"fi\": null, \"fr\": null, \"fy\": null, \"ga\": null, \"gd\": null, \"gl\": null, \"he\": null, \"hi\": null, \"hr\": null, \"hsb\": null, \"hu\": null, \"hy\": null, \"ia\": null, \"id\": null, \"io\": null, \"is\": null, \"it\": null, \"ja\": null, \"ka\": null, \"kab\": null, \"kk\": null, \"km\": null, \"kn\": null, \"ko\": null, \"lb\": null, \"lt\": null, \"lv\": null, \"mk\": null, \"ml\": null, \"mn\": null, \"mr\": null, \"my\": null, \"nb\": null, \"ne\": null, \"nl\": null, \"nn\": null, \"os\": null, \"pa\": null, \"pl\": null, \"pt\": null, \"pt-br\": null, \"ro\": null, \"ru\": null, \"sk\": null, \"sl\": null, \"sq\": null, \"sr\": null, \"sr-latn\": null, \"sv\": null, \"sw\": null, \"ta\": null, \"te\": null, \"th\": null, \"tr\": null, \"tt\": null, \"udm\": null, \"uk\": null, \"ur\": null, \"vi\": null, \"zh-hans\": null, \"zh-hant\": null}",
      "description": "{\"af\": null, \"ar\": null, \"ast\": null, \"az\": null, \"bg\": null, \"be\": null, \"bn\": null, \"br\": null, \"bs\": null, \"ca\": null, \"cs\": null, \"cy\": null, \"da\": null, \"de\": null, \"dsb\": null, \"el\": null, \"en\": \"\", \"en-au\": null, \"en-gb\": null, \"eo\": null, \"es\": null, \"es-ar\": null, \"es-co\": null, \"es-mx\": null, \"es-ni\": null, \"es-ve\": null, \"et\": null, \"eu\": null, \"fa\": null, \"fi\": null, \"fr\": null, \"fy\": null, \"ga\": null, \"gd\": null, \"gl\": null, \"he\": null, \"hi\": null, \"hr\": null, \"hsb\": null, \"hu\": null, \"hy\": null, \"ia\": null, \"id\": null, \"io\": null, \"is\": null, \"it\": null, \"ja\": null, \"ka\": null, \"kab\": null, \"kk\": null, \"km\": null, \"kn\": null, \"ko\": null, \"lb\": null, \"lt\": null, \"lv\": null, \"mk\": null, \"ml\": null, \"mn\": null, \"mr\": null, \"my\": null, \"nb\": null, \"ne\": null, \"nl\": null, \"nn\": null, \"os\": null, \"pa\": null, \"pl\": null, \"pt\": null, \"pt-br\": null, \"ro\": null, \"ru\": null, \"sk\": null, \"sl\": null, \"sq\": null, \"sr\": null, \"sr-latn\": null, \"sv\": null, \"sw\": null, \"ta\": null, \"te\": null, \"th\": null, \"tr\": null, \"tt\": null, \"udm\": null, \"uk\": null, \"ur\": null, \"vi\": null, \"zh-hans\": null, \"zh-hant\": null}",
      "meta": {},
      "is_published": true,
      "is_archived": false,
      "source": null
    }
  },
  {
    "model": "caluma_form.form",
    "pk": "top-level-form-1",
    "fields": {
      "created_at": "2019-12-12T13:52:50.672Z",
      "modified_at": "2019-12-12T13:52:50.672Z",
      "created_by_user": null,
      "created_by_group": null,
      "name": "{\"af\": null, \"ar\": null, \"ast\": null, \"az\": null, \"bg\": null, \"be\": null, \"bn\": null, \"br\": null, \"bs\": null, \"ca\": null, \"cs\": null, \"cy\": null, \"da\": null, \"de\": null, \"dsb\": null, \"el\": null, \"en\": \"top-level-form-1\", \"en-au\": null, \"en-gb\": null, \"eo\": null, \"es\": null, \"es-ar\": null, \"es-co\": null, \"es-mx\": null, \"es-ni\": null, \"es-ve\": null, \"et\": null, \"eu\": null, \"fa\": null, \"fi\": null, \"fr\": null, \"fy\": null, \"ga\": null, \"gd\": null, \"gl\": null, \"he\": null, \"hi\": null, \"hr\": null, \"hsb\": null, \"hu\": null, \"hy\": null, \"ia\": null, \"id\": null, \"io\": null, \"is\": null, \"it\": null, \"ja\": null, \"ka\": null, \"kab\": null, \"kk\": null, \"km\": null, \"kn\": null, \"ko\": null, \"lb\": null, \"lt\": null, \"lv\": null, \"mk\": null, \"ml\": null, \"mn\": null, \"mr\": null, \"my\": null, \"nb\": null, \"ne\": null, \"nl\": null, \"nn\": null, \"os\": null, \"pa\": null, \"pl\": null, \"pt\": null, \"pt-br\": null, \"ro\": null, \"ru\": null, \"sk\": null, \"sl\": null, \"sq\": null, \"sr\": null, \"sr-latn\": null, \"sv\": null, \"sw\": null, \"ta\": null, \"te\": null, \"th\": null, \"tr\": null, \"tt\": null, \"udm\": null, \"uk\": null, \"ur\": null, \"vi\": null, \"zh-hans\": null, \"zh-hant\": null}",
      "description": "{\"af\": null, \"ar\": null, \"ast\": null, \"az\": null, \"bg\": null, \"be\": null, \"bn\": null, \"br\": null, \"bs\": null, \"ca\": null, \"cs\": null, \"cy\": null, \"da\": null, \"de\": null, \"dsb\": null, \"el\": null, \"en\": \"\", \"en-au\": null, \"en-gb\": null, \"eo\": null, \"es\": null, \"es-ar\": null, \"es-co\": null, \"es-mx\": null, \"es-ni\": null, \"es-ve\": null, \"et\": null, \"eu\": null, \"fa\": null, \"fi\": null, \"fr\": null, \"fy\": null, \"ga\": null, \"gd\": null, \"gl\": null, \"he\": null, \"hi\": null, \"hr\": null, \"hsb\": null, \"hu\": null, \"hy\": null, \"ia\": null, \"id\": null, \"io\": null, \"is\": null, \"it\": null, \"ja\": null, \"ka\": null, \"kab\": null, \"kk\": null, \"km\": null, \"kn\": null, \"ko\": null, \"lb\": null, \"lt\": null, \"lv\": null, \"mk\": null, \"ml\": null, \"mn\": null, \"mr\": null, \"my\": null, \"nb\": null, \"ne\": null, \"nl\": null, \"nn\": null, \"os\": null, \"pa\": null, \"pl\": null, \"pt\": null, \"pt-br\": null, \"ro\": null, \"ru\": null, \"sk\": null, \"sl\": null, \"sq\": null, \"sr\": null, \"sr-latn\": null, \"sv\": null, \"sw\": null, \"ta\": null, \"te\": null, \"th\": null, \"tr\": null, \"tt\": null, \"udm\": null, \"uk\": null, \"ur\": null, \"vi\": null, \"zh-hans\": null, \"zh-hant\": null}",
      "meta": {},
      "is_published": true,
      "is_archived": false,
      "source": null
    }
  },
  {
    "model": "caluma_form.form",
    "pk": "top-level-form-2",
    "fields": {
      "created_at": "2019-12-13T09:06:53.749Z",
      "modified_at": "2019-12-13T09:06:53.749Z",
      "created_by_user": null,
      "created_by_group": null,
      "name": "{\"af\": null, \"ar\": null, \"ast\": null, \"az\": null, \"bg\": null, \"be\": null, \"bn\": null, \"br\": null, \"bs\": null, \"ca\": null, \"cs\": null, \"cy\": null, \"da\": null, \"de\": null, \"dsb\": null, \"el\": null, \"en\": \"top-level-form-2\", \"en-au\": null, \"en-gb\": null, \"eo\": null, \"es\": null, \"es-ar\": null, \"es-co\": null, \"es-mx\": null, \"es-ni\": null, \"es-ve\": null, \"et\": null, \"eu\": null, \"fa\": null, \"fi\": null, \"fr\": null, \"fy\": null, \"ga\": null, \"gd\": null, \"gl\": null, \"he\": null, \"hi\": null, \"hr\": null, \"hsb\": null, \"hu\": null, \"hy\": null, \"ia\": null, \"id\": null, \"io\": null, \"is\": null, \"it\": null, \"ja\": null, \"ka\": null, \"kab\": null, \"kk\": null, \"km\": null, \"kn\": null, \"ko\": null, \"lb\": null, \"lt\": null, \"lv\": null, \"mk\": null, \"ml\": null, \"mn\": null, \"mr\": null, \"my\": null, \"nb\": null, \"ne\": null, \"nl\": null, \"nn\": null, \"os\": null, \"pa\": null, \"pl\": null, \"pt\": null, \"pt-br\": null, \"ro\": null, \"ru\": null, \"sk\": null, \"sl\": null, \"sq\": null, \"sr\": null, \"sr-latn\": null, \"sv\": null, \"sw\": null, \"ta\": null, \"te\": null, \"th\": null, \"tr\": null, \"tt\": null, \"udm\": null, \"uk\": null, \"ur\": null, \"vi\": null, \"zh-hans\": null, \"zh-hant\": null}",
      "description": "{\"af\": null, \"ar\": null, \"ast\": null, \"az\": null, \"bg\": null, \"be\": null, \"bn\": null, \"br\": null, \"bs\": null, \"ca\": null, \"cs\": null, \"cy\": null, \"da\": null, \"de\": null, \"dsb\": null, \"el\": null, \"en\": \"\", \"en-au\": null, \"en-gb\": null, \"eo\": null, \"es\": null, \"es-ar\": null, \"es-co\": null, \"es-mx\": null, \"es-ni\": null, \"es-ve\": null, \"et\": null, \"eu\": null, \"fa\": null, \"fi\": null, \"fr\": null, \"fy\": null, \"ga\": null, \"gd\": null, \"gl\": null, \"he\": null, \"hi\": null, \"hr\": null, \"hsb\": null, \"hu\": null, \"hy\": null, \"ia\": null, \"id\": null, \"io\": null, \"is\": null, \"it\": null, \"ja\": null, \"ka\": null, \"kab\": null, \"kk\": null, \"km\": null, \"kn\": null, \"ko\": null, \"lb\": null, \"lt\": null, \"lv\": null, \"mk\": null, \"ml\": null, \"mn\": null, \"mr\": null, \"my\": null, \"nb\": null, \"ne\": null, \"nl\": null, \"nn\": null, \"os\": null, \"pa\": null, \"pl\": null, \"pt\": null, \"pt-br\": null, \"ro\": null, \"ru\": null, \"sk\": null, \"sl\": null, \"sq\": null, \"sr\": null, \"sr-latn\": null, \"sv\": null, \"sw\": null, \"ta\": null, \"te\": null, \"th\": null, \"tr\": null, \"tt\": null, \"udm\": null, \"uk\": null, \"ur\": null, \"vi\": null, \"zh-hans\": null, \"zh-hant\": null}",
      "meta": {},
      "is_published": true,
      "is_archived": false,
      "source": null
    }
  },
  {
    "model": "caluma_form.formquestion",
    "pk": "table-form.choice-question",
    "fields": {
      "created_at": "2019-12-13T09:04:56.742Z",
      "modified_at": "2019-12-13T09:04:56.742Z",
      "created_by_user": null,
      "created_by_group": null,
      "form": "table-form",
      "question": "choice-question",
      "sort": 1
    }
  },
  {
    "model": "caluma_form.formquestion",
    "pk": "table-form.text-question",
    "fields": {
      "created_at": "2019-12-13T09:04:23.681Z",
      "modified_at": "2019-12-13T09:04:23.681Z",
      "created_by_user": null,
      "created_by_group": null,
      "form": "table-form",
      "question": "text-question",
      "sort": 2
    }
  },
  {
    "model": "caluma_form.formquestion",
    "pk": "test-form.f1",
    "fields": {
      "created_at": "2019-12-13T09:02:20.276Z",
      "modified_at": "2019-12-13T09:02:20.276Z",
      "created_by_user": null,
      "created_by_group": null,
      "form": "test-form",
      "question": "f1",
      "sort": 2
    }
  },
  {
    "model": "caluma_form.formquestion",
    "pk": "test-form.f2",
    "fields": {
      "created_at": "2019-12-13T09:07:12.795Z",
      "modified_at": "2019-12-13T09:07:12.795Z",
      "created_by_user": null,
      "created_by_group": null,
      "form": "test-form",
      "question": "f2",
      "sort": 1
    }
  },
  {
    "model": "caluma_form.formquestion",
    "pk": "top-level-form-1.table-question",
    "fields": {
      "created_at": "2019-12-13T09:03:45.474Z",
      "modified_at": "2019-12-13T09:03:45.474Z",
      "created_by_user": null,
      "created_by_group": null,
      "form": "top-level-form-1",
      "question": "table-question",
      "sort": 1
    }
  },
  {
    "model": "caluma_form.formquestion",
    "pk": "top-level-form-1.text-question",
    "fields": {
      "created_at": "2019-12-13T09:01:47.704Z",
      "modified_at": "2019-12-13T09:01:47.704Z",
      "created_by_user": null,
      "created_by_group": null,
      "form": "top-level-form-1",
      "question": "text-question",
      "sort": 2
    }
  },
  {
    "model": "caluma_form.formquestion",
    "pk": "top-level-form-2.choice-question",
    "fields": {
      "created_at": "2019-12-13T09:09:22.566Z",
      "modified_at": "2019-12-13T09:09:22.566Z",
      "created_by_user": null,
      "created_by_group": null,
      "form": "top-level-form-2",
      "question": "choice-question",
      "sort": 5
    }
  },
  {
    "model": "caluma_form.formquestion",
    "pk": "top-level-form-2.choices-question",
    "fields": {
      "created_at": "2019-12-13T09:09:55.140Z",
      "modified_at": "2019-12-13T09:09:55.140Z",
      "created_by_user": null,
      "created_by_group": null,
      "form": "top-level-form-2",
      "question": "choices-question",
      "sort": 4
    }
  },
  {
    "model": "caluma_form.formquestion",
    "pk": "top-level-form-2.file-question",
    "fields": {
      "created_at": "2019-12-13T09:12:07.943Z",
      "modified_at": "2019-12-13T09:12:07.943Z",
      "created_by_user": null,
      "created_by_group": null,
      "form": "top-level-form-2",
      "question": "file-question",
      "sort": 2
    }
  },
  {
    "model": "caluma_form.formquestion",
    "pk": "top-level-form-2.float-question",
    "fields": {
      "created_at": "2019-12-13T09:08:12.176Z",
      "modified_at": "2019-12-13T09:08:12.176Z",
      "created_by_user": null,
      "created_by_group": null,
      "form": "top-level-form-2",
      "question": "float-question",
      "sort": 6
    }
  },
  {
    "model": "caluma_form.formquestion",
    "pk": "top-level-form-2.integer-question",
    "fields": {
      "created_at": "2019-12-13T09:46:21.561Z",
      "modified_at": "2019-12-13T09:46:21.561Z",
      "created_by_user": null,
      "created_by_group": null,
      "form": "top-level-form-2",
      "question": "integer-question",
      "sort": 1
    }
  },
  {
    "model": "caluma_form.formquestion",
    "pk": "top-level-form-2.textarea-question",
    "fields": {
      "created_at": "2019-12-13T09:11:49.130Z",
      "modified_at": "2019-12-13T09:11:49.130Z",
      "created_by_user": null,
      "created_by_group": null,
      "form": "top-level-form-2",
      "question": "textarea-question",
      "sort": 3
    }
  },
  {
    "model": "caluma_form.question",
    "pk": "choice-question",
    "fields": {
      "created_at": "2019-12-13T09:04:56.634Z",
      "modified_at": "2019-12-13T09:04:56.634Z",
      "created_by_user": null,
      "created_by_group": null,
      "label": "{\"af\": null, \"ar\": null, \"ast\": null, \"az\": null, \"bg\": null, \"be\": null, \"bn\": null, \"br\": null, \"bs\": null, \"ca\": null, \"cs\": null, \"cy\": null, \"da\": null, \"de\": null, \"dsb\": null, \"el\": null, \"en\": \"choice question\", \"en-au\": null, \"en-gb\": null, \"eo\": null, \"es\": null, \"es-ar\": null, \"es-co\": null, \"es-mx\": null, \"es-ni\": null, \"es-ve\": null, \"et\": null, \"eu\": null, \"fa\": null, \"fi\": null, \"fr\": null, \"fy\": null, \"ga\": null, \"gd\": null, \"gl\": null, \"he\": null, \"hi\": null, \"hr\": null, \"hsb\": null, \"hu\": null, \"hy\": null, \"ia\": null, \"id\": null, \"io\": null, \"is\": null, \"it\": null, \"ja\": null, \"ka\": null, \"kab\": null, \"kk\": null, \"km\": null, \"kn\": null, \"ko\": null, \"lb\": null, \"lt\": null, \"lv\": null, \"mk\": null, \"ml\": null, \"mn\": null, \"mr\": null, \"my\": null, \"nb\": null, \"ne\": null, \"nl\": null, \"nn\": null, \"os\": null, \"pa\": null, \"pl\": null, \"pt\": null, \"pt-br\": null, \"ro\": null, \"ru\": null, \"sk\": null, \"sl\": null, \"sq\": null, \"sr\": null, \"sr-latn\": null, \"sv\": null, \"sw\": null, \"ta\": null, \"te\": null, \"th\": null, \"tr\": null, \"tt\": null, \"udm\": null, \"uk\": null, \"ur\": null, \"vi\": null, \"zh-hans\": null, \"zh-hant\": null}",
      "type": "choice",
      "is_required": "false",
      "is_hidden": "false",
      "is_archived": false,
      "placeholder": "{\"af\": null, \"ar\": null, \"ast\": null, \"az\": null, \"bg\": null, \"be\": null, \"bn\": null, \"br\": null, \"bs\": null, \"ca\": null, \"cs\": null, \"cy\": null, \"da\": null, \"de\": null, \"dsb\": null, \"el\": null, \"en\": null, \"en-au\": null, \"en-gb\": null, \"eo\": null, \"es\": null, \"es-ar\": null, \"es-co\": null, \"es-mx\": null, \"es-ni\": null, \"es-ve\": null, \"et\": null, \"eu\": null, \"fa\": null, \"fi\": null, \"fr\": null, \"fy\": null, \"ga\": null, \"gd\": null, \"gl\": null, \"he\": null, \"hi\": null, \"hr\": null, \"hsb\": null, \"hu\": null, \"hy\": null, \"ia\": null, \"id\": null, \"io\": null, \"is\": null, \"it\": null, \"ja\": null, \"ka\": null, \"kab\": null, \"kk\": null, \"km\": null, \"kn\": null, \"ko\": null, \"lb\": null, \"lt\": null, \"lv\": null, \"mk\": null, \"ml\": null, \"mn\": null, \"mr\": null, \"my\": null, \"nb\": null, \"ne\": null, \"nl\": null, \"nn\": null, \"os\": null, \"pa\": null, \"pl\": null, \"pt\": null, \"pt-br\": null, \"ro\": null, \"ru\": null, \"sk\": null, \"sl\": null, \"sq\": null, \"sr\": null, \"sr-latn\": null, \"sv\": null, \"sw\": null, \"ta\": null, \"te\": null, \"th\": null, \"tr\": null, \"tt\": null, \"udm\": null, \"uk\": null, \"ur\": null, \"vi\": null, \"zh-hans\": null, \"zh-hant\": null}",
      "info_text": "{\"af\": null, \"ar\": null, \"ast\": null, \"az\": null, \"bg\": null, \"be\": null, \"bn\": null, \"br\": null, \"bs\": null, \"ca\": null, \"cs\": null, \"cy\": null, \"da\": null, \"de\": null, \"dsb\": null, \"el\": null, \"en\": null, \"en-au\": null, \"en-gb\": null, \"eo\": null, \"es\": null, \"es-ar\": null, \"es-co\": null, \"es-mx\": null, \"es-ni\": null, \"es-ve\": null, \"et\": null, \"eu\": null, \"fa\": null, \"fi\": null, \"fr\": null, \"fy\": null, \"ga\": null, \"gd\": null, \"gl\": null, \"he\": null, \"hi\": null, \"hr\": null, \"hsb\": null, \"hu\": null, \"hy\": null, \"ia\": null, \"id\": null, \"io\": null, \"is\": null, \"it\": null, \"ja\": null, \"ka\": null, \"kab\": null, \"kk\": null, \"km\": null, \"kn\": null, \"ko\": null, \"lb\": null, \"lt\": null, \"lv\": null, \"mk\": null, \"ml\": null, \"mn\": null, \"mr\": null, \"my\": null, \"nb\": null, \"ne\": null, \"nl\": null, \"nn\": null, \"os\": null, \"pa\": null, \"pl\": null, \"pt\": null, \"pt-br\": null, \"ro\": null, \"ru\": null, \"sk\": null, \"sl\": null, \"sq\": null, \"sr\": null, \"sr-latn\": null, \"sv\": null, \"sw\": null, \"ta\": null, \"te\": null, \"th\": null, \"tr\": null, \"tt\": null, \"udm\": null, \"uk\": null, \"ur\": null, \"vi\": null, \"zh-hans\": null, \"zh-hant\": null}",
      "static_content": "{\"af\": \"\", \"ar\": \"\", \"ast\": \"\", \"az\": \"\", \"bg\": \"\", \"be\": \"\", \"bn\": \"\", \"br\": \"\", \"bs\": \"\", \"ca\": \"\", \"cs\": \"\", \"cy\": \"\", \"da\": \"\", \"de\": \"\", \"dsb\": \"\", \"el\": \"\", \"en\": \"\", \"en-au\": \"\", \"en-gb\": \"\", \"eo\": \"\", \"es\": \"\", \"es-ar\": \"\", \"es-co\": \"\", \"es-mx\": \"\", \"es-ni\": \"\", \"es-ve\": \"\", \"et\": \"\", \"eu\": \"\", \"fa\": \"\", \"fi\": \"\", \"fr\": \"\", \"fy\": \"\", \"ga\": \"\", \"gd\": \"\", \"gl\": \"\", \"he\": \"\", \"hi\": \"\", \"hr\": \"\", \"hsb\": \"\", \"hu\": \"\", \"hy\": \"\", \"ia\": \"\", \"id\": \"\", \"io\": \"\", \"is\": \"\", \"it\": \"\", \"ja\": \"\", \"ka\": \"\", \"kab\": \"\", \"kk\": \"\", \"km\": \"\", \"kn\": \"\", \"ko\": \"\", \"lb\": \"\", \"lt\": \"\", \"lv\": \"\", \"mk\": \"\", \"ml\": \"\", \"mn\": \"\", \"mr\": \"\", \"my\": \"\", \"nb\": \"\", \"ne\": \"\", \"nl\": \"\", \"nn\": \"\", \"os\": \"\", \"pa\": \"\", \"pl\": \"\", \"pt\": \"\", \"pt-br\": \"\", \"ro\": \"\", \"ru\": \"\", \"sk\": \"\", \"sl\": \"\", \"sq\": \"\", \"sr\": \"\", \"sr-latn\": \"\", \"sv\": \"\", \"sw\": \"\", \"ta\": \"\", \"te\": \"\", \"th\": \"\", \"tr\": \"\", \"tt\": \"\", \"udm\": \"\", \"uk\": \"\", \"ur\": \"\", \"vi\": \"\", \"zh-hans\": \"\", \"zh-hant\": \"\"}",
      "configuration": {},
      "meta": {},
      "data_source": null,
      "row_form": null,
      "sub_form": null,
      "source": null,
      "format_validators": "[]"
    }
  },
  {
    "model": "caluma_form.question",
    "pk": "choices-question",
    "fields": {
      "created_at": "2019-12-13T09:09:54.998Z",
      "modified_at": "2019-12-13T09:10:00.274Z",
      "created_by_user": null,
      "created_by_group": null,
      "label": "{\"af\": null, \"ar\": null, \"ast\": null, \"az\": null, \"bg\": null, \"be\": null, \"bn\": null, \"br\": null, \"bs\": null, \"ca\": null, \"cs\": null, \"cy\": null, \"da\": null, \"de\": null, \"dsb\": null, \"el\": null, \"en\": \"choices-question\", \"en-au\": null, \"en-gb\": null, \"eo\": null, \"es\": null, \"es-ar\": null, \"es-co\": null, \"es-mx\": null, \"es-ni\": null, \"es-ve\": null, \"et\": null, \"eu\": null, \"fa\": null, \"fi\": null, \"fr\": null, \"fy\": null, \"ga\": null, \"gd\": null, \"gl\": null, \"he\": null, \"hi\": null, \"hr\": null, \"hsb\": null, \"hu\": null, \"hy\": null, \"ia\": null, \"id\": null, \"io\": null, \"is\": null, \"it\": null, \"ja\": null, \"ka\": null, \"kab\": null, \"kk\": null, \"km\": null, \"kn\": null, \"ko\": null, \"lb\": null, \"lt\": null, \"lv\": null, \"mk\": null, \"ml\": null, \"mn\": null, \"mr\": null, \"my\": null, \"nb\": null, \"ne\": null, \"nl\": null, \"nn\": null, \"os\": null, \"pa\": null, \"pl\": null, \"pt\": null, \"pt-br\": null, \"ro\": null, \"ru\": null, \"sk\": null, \"sl\": null, \"sq\": null, \"sr\": null, \"sr-latn\": null, \"sv\": null, \"sw\": null, \"ta\": null, \"te\": null, \"th\": null, \"tr\": null, \"tt\": null, \"udm\": null, \"uk\": null, \"ur\": null, \"vi\": null, \"zh-hans\": null, \"zh-hant\": null}",
      "type": "multiple_choice",
      "is_required": "false",
      "is_hidden": "false",
      "is_archived": false,
      "placeholder": "{\"af\": null, \"ar\": null, \"ast\": null, \"az\": null, \"bg\": null, \"be\": null, \"bn\": null, \"br\": null, \"bs\": null, \"ca\": null, \"cs\": null, \"cy\": null, \"da\": null, \"de\": null, \"dsb\": null, \"el\": null, \"en\": null, \"en-au\": null, \"en-gb\": null, \"eo\": null, \"es\": null, \"es-ar\": null, \"es-co\": null, \"es-mx\": null, \"es-ni\": null, \"es-ve\": null, \"et\": null, \"eu\": null, \"fa\": null, \"fi\": null, \"fr\": null, \"fy\": null, \"ga\": null, \"gd\": null, \"gl\": null, \"he\": null, \"hi\": null, \"hr\": null, \"hsb\": null, \"hu\": null, \"hy\": null, \"ia\": null, \"id\": null, \"io\": null, \"is\": null, \"it\": null, \"ja\": null, \"ka\": null, \"kab\": null, \"kk\": null, \"km\": null, \"kn\": null, \"ko\": null, \"lb\": null, \"lt\": null, \"lv\": null, \"mk\": null, \"ml\": null, \"mn\": null, \"mr\": null, \"my\": null, \"nb\": null, \"ne\": null, \"nl\": null, \"nn\": null, \"os\": null, \"pa\": null, \"pl\": null, \"pt\": null, \"pt-br\": null, \"ro\": null, \"ru\": null, \"sk\": null, \"sl\": null, \"sq\": null, \"sr\": null, \"sr-latn\": null, \"sv\": null, \"sw\": null, \"ta\": null, \"te\": null, \"th\": null, \"tr\": null, \"tt\": null, \"udm\": null, \"uk\": null, \"ur\": null, \"vi\": null, \"zh-hans\": null, \"zh-hant\": null}",
      "info_text": "{\"af\": null, \"ar\": null, \"ast\": null, \"az\": null, \"bg\": null, \"be\": null, \"bn\": null, \"br\": null, \"bs\": null, \"ca\": null, \"cs\": null, \"cy\": null, \"da\": null, \"de\": null, \"dsb\": null, \"el\": null, \"en\": \"\", \"en-au\": null, \"en-gb\": null, \"eo\": null, \"es\": null, \"es-ar\": null, \"es-co\": null, \"es-mx\": null, \"es-ni\": null, \"es-ve\": null, \"et\": null, \"eu\": null, \"fa\": null, \"fi\": null, \"fr\": null, \"fy\": null, \"ga\": null, \"gd\": null, \"gl\": null, \"he\": null, \"hi\": null, \"hr\": null, \"hsb\": null, \"hu\": null, \"hy\": null, \"ia\": null, \"id\": null, \"io\": null, \"is\": null, \"it\": null, \"ja\": null, \"ka\": null, \"kab\": null, \"kk\": null, \"km\": null, \"kn\": null, \"ko\": null, \"lb\": null, \"lt\": null, \"lv\": null, \"mk\": null, \"ml\": null, \"mn\": null, \"mr\": null, \"my\": null, \"nb\": null, \"ne\": null, \"nl\": null, \"nn\": null, \"os\": null, \"pa\": null, \"pl\": null, \"pt\": null, \"pt-br\": null, \"ro\": null, \"ru\": null, \"sk\": null, \"sl\": null, \"sq\": null, \"sr\": null, \"sr-latn\": null, \"sv\": null, \"sw\": null, \"ta\": null, \"te\": null, \"th\": null, \"tr\": null, \"tt\": null, \"udm\": null, \"uk\": null, \"ur\": null, \"vi\": null, \"zh-hans\": null, \"zh-hant\": null}",
      "static_content": "{\"af\": \"\", \"ar\": \"\", \"ast\": \"\", \"az\": \"\", \"bg\": \"\", \"be\": \"\", \"bn\": \"\", \"br\": \"\", \"bs\": \"\", \"ca\": \"\", \"cs\": \"\", \"cy\": \"\", \"da\": \"\", \"de\": \"\", \"dsb\": \"\", \"el\": \"\", \"en\": \"\", \"en-au\": \"\", \"en-gb\": \"\", \"eo\": \"\", \"es\": \"\", \"es-ar\": \"\", \"es-co\": \"\", \"es-mx\": \"\", \"es-ni\": \"\", \"es-ve\": \"\", \"et\": \"\", \"eu\": \"\", \"fa\": \"\", \"fi\": \"\", \"fr\": \"\", \"fy\": \"\", \"ga\": \"\", \"gd\": \"\", \"gl\": \"\", \"he\": \"\", \"hi\": \"\", \"hr\": \"\", \"hsb\": \"\", \"hu\": \"\", \"hy\": \"\", \"ia\": \"\", \"id\": \"\", \"io\": \"\", \"is\": \"\", \"it\": \"\", \"ja\": \"\", \"ka\": \"\", \"kab\": \"\", \"kk\": \"\", \"km\": \"\", \"kn\": \"\", \"ko\": \"\", \"lb\": \"\", \"lt\": \"\", \"lv\": \"\", \"mk\": \"\", \"ml\": \"\", \"mn\": \"\", \"mr\": \"\", \"my\": \"\", \"nb\": \"\", \"ne\": \"\", \"nl\": \"\", \"nn\": \"\", \"os\": \"\", \"pa\": \"\", \"pl\": \"\", \"pt\": \"\", \"pt-br\": \"\", \"ro\": \"\", \"ru\": \"\", \"sk\": \"\", \"sl\": \"\", \"sq\": \"\", \"sr\": \"\", \"sr-latn\": \"\", \"sv\": \"\", \"sw\": \"\", \"ta\": \"\", \"te\": \"\", \"th\": \"\", \"tr\": \"\", \"tt\": \"\", \"udm\": \"\", \"uk\": \"\", \"ur\": \"\", \"vi\": \"\", \"zh-hans\": \"\", \"zh-hant\": \"\"}",
      "configuration": {},
      "meta": {},
      "data_source": null,
      "row_form": null,
      "sub_form": null,
      "source": null,
      "format_validators": "[]"
    }
  },
  {
    "model": "caluma_form.question",
    "pk": "f1",
    "fields": {
      "created_at": "2019-12-12T13:55:01.987Z",
      "modified_at": "2019-12-12T13:55:01.987Z",
      "created_by_user": null,
      "created_by_group": null,
      "label": "{\"af\": null, \"ar\": null, \"ast\": null, \"az\": null, \"bg\": null, \"be\": null, \"bn\": null, \"br\": null, \"bs\": null, \"ca\": null, \"cs\": null, \"cy\": null, \"da\": null, \"de\": null, \"dsb\": null, \"el\": null, \"en\": \"f1\", \"en-au\": null, \"en-gb\": null, \"eo\": null, \"es\": null, \"es-ar\": null, \"es-co\": null, \"es-mx\": null, \"es-ni\": null, \"es-ve\": null, \"et\": null, \"eu\": null, \"fa\": null, \"fi\": null, \"fr\": null, \"fy\": null, \"ga\": null, \"gd\": null, \"gl\": null, \"he\": null, \"hi\": null, \"hr\": null, \"hsb\": null, \"hu\": null, \"hy\": null, \"ia\": null, \"id\": null, \"io\": null, \"is\": null, \"it\": null, \"ja\": null, \"ka\": null, \"kab\": null, \"kk\": null, \"km\": null, \"kn\": null, \"ko\": null, \"lb\": null, \"lt\": null, \"lv\": null, \"mk\": null, \"ml\": null, \"mn\": null, \"mr\": null, \"my\": null, \"nb\": null, \"ne\": null, \"nl\": null, \"nn\": null, \"os\": null, \"pa\": null, \"pl\": null, \"pt\": null, \"pt-br\": null, \"ro\": null, \"ru\": null, \"sk\": null, \"sl\": null, \"sq\": null, \"sr\": null, \"sr-latn\": null, \"sv\": null, \"sw\": null, \"ta\": null, \"te\": null, \"th\": null, \"tr\": null, \"tt\": null, \"udm\": null, \"uk\": null, \"ur\": null, \"vi\": null, \"zh-hans\": null, \"zh-hant\": null}",
      "type": "form",
      "is_required": "false",
      "is_hidden": "false",
      "is_archived": false,
      "placeholder": "{\"af\": null, \"ar\": null, \"ast\": null, \"az\": null, \"bg\": null, \"be\": null, \"bn\": null, \"br\": null, \"bs\": null, \"ca\": null, \"cs\": null, \"cy\": null, \"da\": null, \"de\": null, \"dsb\": null, \"el\": null, \"en\": null, \"en-au\": null, \"en-gb\": null, \"eo\": null, \"es\": null, \"es-ar\": null, \"es-co\": null, \"es-mx\": null, \"es-ni\": null, \"es-ve\": null, \"et\": null, \"eu\": null, \"fa\": null, \"fi\": null, \"fr\": null, \"fy\": null, \"ga\": null, \"gd\": null, \"gl\": null, \"he\": null, \"hi\": null, \"hr\": null, \"hsb\": null, \"hu\": null, \"hy\": null, \"ia\": null, \"id\": null, \"io\": null, \"is\": null, \"it\": null, \"ja\": null, \"ka\": null, \"kab\": null, \"kk\": null, \"km\": null, \"kn\": null, \"ko\": null, \"lb\": null, \"lt\": null, \"lv\": null, \"mk\": null, \"ml\": null, \"mn\": null, \"mr\": null, \"my\": null, \"nb\": null, \"ne\": null, \"nl\": null, \"nn\": null, \"os\": null, \"pa\": null, \"pl\": null, \"pt\": null, \"pt-br\": null, \"ro\": null, \"ru\": null, \"sk\": null, \"sl\": null, \"sq\": null, \"sr\": null, \"sr-latn\": null, \"sv\": null, \"sw\": null, \"ta\": null, \"te\": null, \"th\": null, \"tr\": null, \"tt\": null, \"udm\": null, \"uk\": null, \"ur\": null, \"vi\": null, \"zh-hans\": null, \"zh-hant\": null}",
      "info_text": "{\"af\": null, \"ar\": null, \"ast\": null, \"az\": null, \"bg\": null, \"be\": null, \"bn\": null, \"br\": null, \"bs\": null, \"ca\": null, \"cs\": null, \"cy\": null, \"da\": null, \"de\": null, \"dsb\": null, \"el\": null, \"en\": null, \"en-au\": null, \"en-gb\": null, \"eo\": null, \"es\": null, \"es-ar\": null, \"es-co\": null, \"es-mx\": null, \"es-ni\": null, \"es-ve\": null, \"et\": null, \"eu\": null, \"fa\": null, \"fi\": null, \"fr\": null, \"fy\": null, \"ga\": null, \"gd\": null, \"gl\": null, \"he\": null, \"hi\": null, \"hr\": null, \"hsb\": null, \"hu\": null, \"hy\": null, \"ia\": null, \"id\": null, \"io\": null, \"is\": null, \"it\": null, \"ja\": null, \"ka\": null, \"kab\": null, \"kk\": null, \"km\": null, \"kn\": null, \"ko\": null, \"lb\": null, \"lt\": null, \"lv\": null, \"mk\": null, \"ml\": null, \"mn\": null, \"mr\": null, \"my\": null, \"nb\": null, \"ne\": null, \"nl\": null, \"nn\": null, \"os\": null, \"pa\": null, \"pl\": null, \"pt\": null, \"pt-br\": null, \"ro\": null, \"ru\": null, \"sk\": null, \"sl\": null, \"sq\": null, \"sr\": null, \"sr-latn\": null, \"sv\": null, \"sw\": null, \"ta\": null, \"te\": null, \"th\": null, \"tr\": null, \"tt\": null, \"udm\": null, \"uk\": null, \"ur\": null, \"vi\": null, \"zh-hans\": null, \"zh-hant\": null}",
      "static_content": "{\"af\": \"\", \"ar\": \"\", \"ast\": \"\", \"az\": \"\", \"bg\": \"\", \"be\": \"\", \"bn\": \"\", \"br\": \"\", \"bs\": \"\", \"ca\": \"\", \"cs\": \"\", \"cy\": \"\", \"da\": \"\", \"de\": \"\", \"dsb\": \"\", \"el\": \"\", \"en\": \"\", \"en-au\": \"\", \"en-gb\": \"\", \"eo\": \"\", \"es\": \"\", \"es-ar\": \"\", \"es-co\": \"\", \"es-mx\": \"\", \"es-ni\": \"\", \"es-ve\": \"\", \"et\": \"\", \"eu\": \"\", \"fa\": \"\", \"fi\": \"\", \"fr\": \"\", \"fy\": \"\", \"ga\": \"\", \"gd\": \"\", \"gl\": \"\", \"he\": \"\", \"hi\": \"\", \"hr\": \"\", \"hsb\": \"\", \"hu\": \"\", \"hy\": \"\", \"ia\": \"\", \"id\": \"\", \"io\": \"\", \"is\": \"\", \"it\": \"\", \"ja\": \"\", \"ka\": \"\", \"kab\": \"\", \"kk\": \"\", \"km\": \"\", \"kn\": \"\", \"ko\": \"\", \"lb\": \"\", \"lt\": \"\", \"lv\": \"\", \"mk\": \"\", \"ml\": \"\", \"mn\": \"\", \"mr\": \"\", \"my\": \"\", \"nb\": \"\", \"ne\": \"\", \"nl\": \"\", \"nn\": \"\", \"os\": \"\", \"pa\": \"\", \"pl\": \"\", \"pt\": \"\", \"pt-br\": \"\", \"ro\": \"\", \"ru\": \"\", \"sk\": \"\", \"sl\": \"\", \"sq\": \"\", \"sr\": \"\", \"sr-latn\": \"\", \"sv\": \"\", \"sw\": \"\", \"ta\": \"\", \"te\": \"\", \"th\": \"\", \"tr\": \"\", \"tt\": \"\", \"udm\": \"\", \"uk\": \"\", \"ur\": \"\", \"vi\": \"\", \"zh-hans\": \"\", \"zh-hant\": \"\"}",
      "configuration": {},
      "meta": {},
      "data_source": null,
      "row_form": null,
      "sub_form": "top-level-form-1",
      "source": null,
      "format_validators": "[]"
    }
  },
  {
    "model": "caluma_form.question",
    "pk": "f2",
    "fields": {
      "created_at": "2019-12-13T09:07:12.664Z",
      "modified_at": "2019-12-13T09:07:12.664Z",
      "created_by_user": null,
      "created_by_group": null,
      "label": "{\"af\": null, \"ar\": null, \"ast\": null, \"az\": null, \"bg\": null, \"be\": null, \"bn\": null, \"br\": null, \"bs\": null, \"ca\": null, \"cs\": null, \"cy\": null, \"da\": null, \"de\": null, \"dsb\": null, \"el\": null, \"en\": \"f2\", \"en-au\": null, \"en-gb\": null, \"eo\": null, \"es\": null, \"es-ar\": null, \"es-co\": null, \"es-mx\": null, \"es-ni\": null, \"es-ve\": null, \"et\": null, \"eu\": null, \"fa\": null, \"fi\": null, \"fr\": null, \"fy\": null, \"ga\": null, \"gd\": null, \"gl\": null, \"he\": null, \"hi\": null, \"hr\": null, \"hsb\": null, \"hu\": null, \"hy\": null, \"ia\": null, \"id\": null, \"io\": null, \"is\": null, \"it\": null, \"ja\": null, \"ka\": null, \"kab\": null, \"kk\": null, \"km\": null, \"kn\": null, \"ko\": null, \"lb\": null, \"lt\": null, \"lv\": null, \"mk\": null, \"ml\": null, \"mn\": null, \"mr\": null, \"my\": null, \"nb\": null, \"ne\": null, \"nl\": null, \"nn\": null, \"os\": null, \"pa\": null, \"pl\": null, \"pt\": null, \"pt-br\": null, \"ro\": null, \"ru\": null, \"sk\": null, \"sl\": null, \"sq\": null, \"sr\": null, \"sr-latn\": null, \"sv\": null, \"sw\": null, \"ta\": null, \"te\": null, \"th\": null, \"tr\": null, \"tt\": null, \"udm\": null, \"uk\": null, \"ur\": null, \"vi\": null, \"zh-hans\": null, \"zh-hant\": null}",
      "type": "form",
      "is_required": "false",
      "is_hidden": "false",
      "is_archived": false,
      "placeholder": "{\"af\": null, \"ar\": null, \"ast\": null, \"az\": null, \"bg\": null, \"be\": null, \"bn\": null, \"br\": null, \"bs\": null, \"ca\": null, \"cs\": null, \"cy\": null, \"da\": null, \"de\": null, \"dsb\": null, \"el\": null, \"en\": null, \"en-au\": null, \"en-gb\": null, \"eo\": null, \"es\": null, \"es-ar\": null, \"es-co\": null, \"es-mx\": null, \"es-ni\": null, \"es-ve\": null, \"et\": null, \"eu\": null, \"fa\": null, \"fi\": null, \"fr\": null, \"fy\": null, \"ga\": null, \"gd\": null, \"gl\": null, \"he\": null, \"hi\": null, \"hr\": null, \"hsb\": null, \"hu\": null, \"hy\": null, \"ia\": null, \"id\": null, \"io\": null, \"is\": null, \"it\": null, \"ja\": null, \"ka\": null, \"kab\": null, \"kk\": null, \"km\": null, \"kn\": null, \"ko\": null, \"lb\": null, \"lt\": null, \"lv\": null, \"mk\": null, \"ml\": null, \"mn\": null, \"mr\": null, \"my\": null, \"nb\": null, \"ne\": null, \"nl\": null, \"nn\": null, \"os\": null, \"pa\": null, \"pl\": null, \"pt\": null, \"pt-br\": null, \"ro\": null, \"ru\": null, \"sk\": null, \"sl\": null, \"sq\": null, \"sr\": null, \"sr-latn\": null, \"sv\": null, \"sw\": null, \"ta\": null, \"te\": null, \"th\": null, \"tr\": null, \"tt\": null, \"udm\": null, \"uk\": null, \"ur\": null, \"vi\": null, \"zh-hans\": null, \"zh-hant\": null}",
      "info_text": "{\"af\": null, \"ar\": null, \"ast\": null, \"az\": null, \"bg\": null, \"be\": null, \"bn\": null, \"br\": null, \"bs\": null, \"ca\": null, \"cs\": null, \"cy\": null, \"da\": null, \"de\": null, \"dsb\": null, \"el\": null, \"en\": null, \"en-au\": null, \"en-gb\": null, \"eo\": null, \"es\": null, \"es-ar\": null, \"es-co\": null, \"es-mx\": null, \"es-ni\": null, \"es-ve\": null, \"et\": null, \"eu\": null, \"fa\": null, \"fi\": null, \"fr\": null, \"fy\": null, \"ga\": null, \"gd\": null, \"gl\": null, \"he\": null, \"hi\": null, \"hr\": null, \"hsb\": null, \"hu\": null, \"hy\": null, \"ia\": null, \"id\": null, \"io\": null, \"is\": null, \"it\": null, \"ja\": null, \"ka\": null, \"kab\": null, \"kk\": null, \"km\": null, \"kn\": null, \"ko\": null, \"lb\": null, \"lt\": null, \"lv\": null, \"mk\": null, \"ml\": null, \"mn\": null, \"mr\": null, \"my\": null, \"nb\": null, \"ne\": null, \"nl\": null, \"nn\": null, \"os\": null, \"pa\": null, \"pl\": null, \"pt\": null, \"pt-br\": null, \"ro\": null, \"ru\": null, \"sk\": null, \"sl\": null, \"sq\": null, \"sr\": null, \"sr-latn\": null, \"sv\": null, \"sw\": null, \"ta\": null, \"te\": null, \"th\": null, \"tr\": null, \"tt\": null, \"udm\": null, \"uk\": null, \"ur\": null, \"vi\": null, \"zh-hans\": null, \"zh-hant\": null}",
      "static_content": "{\"af\": \"\", \"ar\": \"\", \"ast\": \"\", \"az\": \"\", \"bg\": \"\", \"be\": \"\", \"bn\": \"\", \"br\": \"\", \"bs\": \"\", \"ca\": \"\", \"cs\": \"\", \"cy\": \"\", \"da\": \"\", \"de\": \"\", \"dsb\": \"\", \"el\": \"\", \"en\": \"\", \"en-au\": \"\", \"en-gb\": \"\", \"eo\": \"\", \"es\": \"\", \"es-ar\": \"\", \"es-co\": \"\", \"es-mx\": \"\", \"es-ni\": \"\", \"es-ve\": \"\", \"et\": \"\", \"eu\": \"\", \"fa\": \"\", \"fi\": \"\", \"fr\": \"\", \"fy\": \"\", \"ga\": \"\", \"gd\": \"\", \"gl\": \"\", \"he\": \"\", \"hi\": \"\", \"hr\": \"\", \"hsb\": \"\", \"hu\": \"\", \"hy\": \"\", \"ia\": \"\", \"id\": \"\", \"io\": \"\", \"is\": \"\", \"it\": \"\", \"ja\": \"\", \"ka\": \"\", \"kab\": \"\", \"kk\": \"\", \"km\": \"\", \"kn\": \"\", \"ko\": \"\", \"lb\": \"\", \"lt\": \"\", \"lv\": \"\", \"mk\": \"\", \"ml\": \"\", \"mn\": \"\", \"mr\": \"\", \"my\": \"\", \"nb\": \"\", \"ne\": \"\", \"nl\": \"\", \"nn\": \"\", \"os\": \"\", \"pa\": \"\", \"pl\": \"\", \"pt\": \"\", \"pt-br\": \"\", \"ro\": \"\", \"ru\": \"\", \"sk\": \"\", \"sl\": \"\", \"sq\": \"\", \"sr\": \"\", \"sr-latn\": \"\", \"sv\": \"\", \"sw\": \"\", \"ta\": \"\", \"te\": \"\", \"th\": \"\", \"tr\": \"\", \"tt\": \"\", \"udm\": \"\", \"uk\": \"\", \"ur\": \"\", \"vi\": \"\", \"zh-hans\": \"\", \"zh-hant\": \"\"}",
      "configuration": {},
      "meta": {},
      "data_source": null,
      "row_form": null,
      "sub_form": "top-level-form-2",
      "source": null,
      "format_validators": "[]"
    }
  },
  {
    "model": "caluma_form.question",
    "pk": "file-question",
    "fields": {
      "created_at": "2019-12-13T09:12:07.850Z",
      "modified_at": "2019-12-13T09:12:07.850Z",
      "created_by_user": null,
      "created_by_group": null,
      "label": "{\"af\": null, \"ar\": null, \"ast\": null, \"az\": null, \"bg\": null, \"be\": null, \"bn\": null, \"br\": null, \"bs\": null, \"ca\": null, \"cs\": null, \"cy\": null, \"da\": null, \"de\": null, \"dsb\": null, \"el\": null, \"en\": \"file question\", \"en-au\": null, \"en-gb\": null, \"eo\": null, \"es\": null, \"es-ar\": null, \"es-co\": null, \"es-mx\": null, \"es-ni\": null, \"es-ve\": null, \"et\": null, \"eu\": null, \"fa\": null, \"fi\": null, \"fr\": null, \"fy\": null, \"ga\": null, \"gd\": null, \"gl\": null, \"he\": null, \"hi\": null, \"hr\": null, \"hsb\": null, \"hu\": null, \"hy\": null, \"ia\": null, \"id\": null, \"io\": null, \"is\": null, \"it\": null, \"ja\": null, \"ka\": null, \"kab\": null, \"kk\": null, \"km\": null, \"kn\": null, \"ko\": null, \"lb\": null, \"lt\": null, \"lv\": null, \"mk\": null, \"ml\": null, \"mn\": null, \"mr\": null, \"my\": null, \"nb\": null, \"ne\": null, \"nl\": null, \"nn\": null, \"os\": null, \"pa\": null, \"pl\": null, \"pt\": null, \"pt-br\": null, \"ro\": null, \"ru\": null, \"sk\": null, \"sl\": null, \"sq\": null, \"sr\": null, \"sr-latn\": null, \"sv\": null, \"sw\": null, \"ta\": null, \"te\": null, \"th\": null, \"tr\": null, \"tt\": null, \"udm\": null, \"uk\": null, \"ur\": null, \"vi\": null, \"zh-hans\": null, \"zh-hant\": null}",
      "type": "file",
      "is_required": "false",
      "is_hidden": "false",
      "is_archived": false,
      "placeholder": "{\"af\": null, \"ar\": null, \"ast\": null, \"az\": null, \"bg\": null, \"be\": null, \"bn\": null, \"br\": null, \"bs\": null, \"ca\": null, \"cs\": null, \"cy\": null, \"da\": null, \"de\": null, \"dsb\": null, \"el\": null, \"en\": null, \"en-au\": null, \"en-gb\": null, \"eo\": null, \"es\": null, \"es-ar\": null, \"es-co\": null, \"es-mx\": null, \"es-ni\": null, \"es-ve\": null, \"et\": null, \"eu\": null, \"fa\": null, \"fi\": null, \"fr\": null, \"fy\": null, \"ga\": null, \"gd\": null, \"gl\": null, \"he\": null, \"hi\": null, \"hr\": null, \"hsb\": null, \"hu\": null, \"hy\": null, \"ia\": null, \"id\": null, \"io\": null, \"is\": null, \"it\": null, \"ja\": null, \"ka\": null, \"kab\": null, \"kk\": null, \"km\": null, \"kn\": null, \"ko\": null, \"lb\": null, \"lt\": null, \"lv\": null, \"mk\": null, \"ml\": null, \"mn\": null, \"mr\": null, \"my\": null, \"nb\": null, \"ne\": null, \"nl\": null, \"nn\": null, \"os\": null, \"pa\": null, \"pl\": null, \"pt\": null, \"pt-br\": null, \"ro\": null, \"ru\": null, \"sk\": null, \"sl\": null, \"sq\": null, \"sr\": null, \"sr-latn\": null, \"sv\": null, \"sw\": null, \"ta\": null, \"te\": null, \"th\": null, \"tr\": null, \"tt\": null, \"udm\": null, \"uk\": null, \"ur\": null, \"vi\": null, \"zh-hans\": null, \"zh-hant\": null}",
      "info_text": "{\"af\": null, \"ar\": null, \"ast\": null, \"az\": null, \"bg\": null, \"be\": null, \"bn\": null, \"br\": null, \"bs\": null, \"ca\": null, \"cs\": null, \"cy\": null, \"da\": null, \"de\": null, \"dsb\": null, \"el\": null, \"en\": null, \"en-au\": null, \"en-gb\": null, \"eo\": null, \"es\": null, \"es-ar\": null, \"es-co\": null, \"es-mx\": null, \"es-ni\": null, \"es-ve\": null, \"et\": null, \"eu\": null, \"fa\": null, \"fi\": null, \"fr\": null, \"fy\": null, \"ga\": null, \"gd\": null, \"gl\": null, \"he\": null, \"hi\": null, \"hr\": null, \"hsb\": null, \"hu\": null, \"hy\": null, \"ia\": null, \"id\": null, \"io\": null, \"is\": null, \"it\": null, \"ja\": null, \"ka\": null, \"kab\": null, \"kk\": null, \"km\": null, \"kn\": null, \"ko\": null, \"lb\": null, \"lt\": null, \"lv\": null, \"mk\": null, \"ml\": null, \"mn\": null, \"mr\": null, \"my\": null, \"nb\": null, \"ne\": null, \"nl\": null, \"nn\": null, \"os\": null, \"pa\": null, \"pl\": null, \"pt\": null, \"pt-br\": null, \"ro\": null, \"ru\": null, \"sk\": null, \"sl\": null, \"sq\": null, \"sr\": null, \"sr-latn\": null, \"sv\": null, \"sw\": null, \"ta\": null, \"te\": null, \"th\": null, \"tr\": null, \"tt\": null, \"udm\": null, \"uk\": null, \"ur\": null, \"vi\": null, \"zh-hans\": null, \"zh-hant\": null}",
      "static_content": "{\"af\": \"\", \"ar\": \"\", \"ast\": \"\", \"az\": \"\", \"bg\": \"\", \"be\": \"\", \"bn\": \"\", \"br\": \"\", \"bs\": \"\", \"ca\": \"\", \"cs\": \"\", \"cy\": \"\", \"da\": \"\", \"de\": \"\", \"dsb\": \"\", \"el\": \"\", \"en\": \"\", \"en-au\": \"\", \"en-gb\": \"\", \"eo\": \"\", \"es\": \"\", \"es-ar\": \"\", \"es-co\": \"\", \"es-mx\": \"\", \"es-ni\": \"\", \"es-ve\": \"\", \"et\": \"\", \"eu\": \"\", \"fa\": \"\", \"fi\": \"\", \"fr\": \"\", \"fy\": \"\", \"ga\": \"\", \"gd\": \"\", \"gl\": \"\", \"he\": \"\", \"hi\": \"\", \"hr\": \"\", \"hsb\": \"\", \"hu\": \"\", \"hy\": \"\", \"ia\": \"\", \"id\": \"\", \"io\": \"\", \"is\": \"\", \"it\": \"\", \"ja\": \"\", \"ka\": \"\", \"kab\": \"\", \"kk\": \"\", \"km\": \"\", \"kn\": \"\", \"ko\": \"\", \"lb\": \"\", \"lt\": \"\", \"lv\": \"\", \"mk\": \"\", \"ml\": \"\", \"mn\": \"\", \"mr\": \"\", \"my\": \"\", \"nb\": \"\", \"ne\": \"\", \"nl\": \"\", \"nn\": \"\", \"os\": \"\", \"pa\": \"\", \"pl\": \"\", \"pt\": \"\", \"pt-br\": \"\", \"ro\": \"\", \"ru\": \"\", \"sk\": \"\", \"sl\": \"\", \"sq\": \"\", \"sr\": \"\", \"sr-latn\": \"\", \"sv\": \"\", \"sw\": \"\", \"ta\": \"\", \"te\": \"\", \"th\": \"\", \"tr\": \"\", \"tt\": \"\", \"udm\": \"\", \"uk\": \"\", \"ur\": \"\", \"vi\": \"\", \"zh-hans\": \"\", \"zh-hant\": \"\"}",
      "configuration": {},
      "meta": {},
      "data_source": null,
      "row_form": null,
      "sub_form": null,
      "source": null,
      "format_validators": "[]"
    }
  },
  {
    "model": "caluma_form.question",
    "pk": "float-question",
    "fields": {
      "created_at": "2019-12-13T09:08:12.033Z",
      "modified_at": "2019-12-13T09:08:12.033Z",
      "created_by_user": null,
      "created_by_group": null,
      "label": "{\"af\": null, \"ar\": null, \"ast\": null, \"az\": null, \"bg\": null, \"be\": null, \"bn\": null, \"br\": null, \"bs\": null, \"ca\": null, \"cs\": null, \"cy\": null, \"da\": null, \"de\": null, \"dsb\": null, \"el\": null, \"en\": \"float question\", \"en-au\": null, \"en-gb\": null, \"eo\": null, \"es\": null, \"es-ar\": null, \"es-co\": null, \"es-mx\": null, \"es-ni\": null, \"es-ve\": null, \"et\": null, \"eu\": null, \"fa\": null, \"fi\": null, \"fr\": null, \"fy\": null, \"ga\": null, \"gd\": null, \"gl\": null, \"he\": null, \"hi\": null, \"hr\": null, \"hsb\": null, \"hu\": null, \"hy\": null, \"ia\": null, \"id\": null, \"io\": null, \"is\": null, \"it\": null, \"ja\": null, \"ka\": null, \"kab\": null, \"kk\": null, \"km\": null, \"kn\": null, \"ko\": null, \"lb\": null, \"lt\": null, \"lv\": null, \"mk\": null, \"ml\": null, \"mn\": null, \"mr\": null, \"my\": null, \"nb\": null, \"ne\": null, \"nl\": null, \"nn\": null, \"os\": null, \"pa\": null, \"pl\": null, \"pt\": null, \"pt-br\": null, \"ro\": null, \"ru\": null, \"sk\": null, \"sl\": null, \"sq\": null, \"sr\": null, \"sr-latn\": null, \"sv\": null, \"sw\": null, \"ta\": null, \"te\": null, \"th\": null, \"tr\": null, \"tt\": null, \"udm\": null, \"uk\": null, \"ur\": null, \"vi\": null, \"zh-hans\": null, \"zh-hant\": null}",
      "type": "float",
      "is_required": "false",
      "is_hidden": "false",
      "is_archived": false,
      "placeholder": "{\"af\": null, \"ar\": null, \"ast\": null, \"az\": null, \"bg\": null, \"be\": null, \"bn\": null, \"br\": null, \"bs\": null, \"ca\": null, \"cs\": null, \"cy\": null, \"da\": null, \"de\": null, \"dsb\": null, \"el\": null, \"en\": null, \"en-au\": null, \"en-gb\": null, \"eo\": null, \"es\": null, \"es-ar\": null, \"es-co\": null, \"es-mx\": null, \"es-ni\": null, \"es-ve\": null, \"et\": null, \"eu\": null, \"fa\": null, \"fi\": null, \"fr\": null, \"fy\": null, \"ga\": null, \"gd\": null, \"gl\": null, \"he\": null, \"hi\": null, \"hr\": null, \"hsb\": null, \"hu\": null, \"hy\": null, \"ia\": null, \"id\": null, \"io\": null, \"is\": null, \"it\": null, \"ja\": null, \"ka\": null, \"kab\": null, \"kk\": null, \"km\": null, \"kn\": null, \"ko\": null, \"lb\": null, \"lt\": null, \"lv\": null, \"mk\": null, \"ml\": null, \"mn\": null, \"mr\": null, \"my\": null, \"nb\": null, \"ne\": null, \"nl\": null, \"nn\": null, \"os\": null, \"pa\": null, \"pl\": null, \"pt\": null, \"pt-br\": null, \"ro\": null, \"ru\": null, \"sk\": null, \"sl\": null, \"sq\": null, \"sr\": null, \"sr-latn\": null, \"sv\": null, \"sw\": null, \"ta\": null, \"te\": null, \"th\": null, \"tr\": null, \"tt\": null, \"udm\": null, \"uk\": null, \"ur\": null, \"vi\": null, \"zh-hans\": null, \"zh-hant\": null}",
      "info_text": "{\"af\": null, \"ar\": null, \"ast\": null, \"az\": null, \"bg\": null, \"be\": null, \"bn\": null, \"br\": null, \"bs\": null, \"ca\": null, \"cs\": null, \"cy\": null, \"da\": null, \"de\": null, \"dsb\": null, \"el\": null, \"en\": null, \"en-au\": null, \"en-gb\": null, \"eo\": null, \"es\": null, \"es-ar\": null, \"es-co\": null, \"es-mx\": null, \"es-ni\": null, \"es-ve\": null, \"et\": null, \"eu\": null, \"fa\": null, \"fi\": null, \"fr\": null, \"fy\": null, \"ga\": null, \"gd\": null, \"gl\": null, \"he\": null, \"hi\": null, \"hr\": null, \"hsb\": null, \"hu\": null, \"hy\": null, \"ia\": null, \"id\": null, \"io\": null, \"is\": null, \"it\": null, \"ja\": null, \"ka\": null, \"kab\": null, \"kk\": null, \"km\": null, \"kn\": null, \"ko\": null, \"lb\": null, \"lt\": null, \"lv\": null, \"mk\": null, \"ml\": null, \"mn\": null, \"mr\": null, \"my\": null, \"nb\": null, \"ne\": null, \"nl\": null, \"nn\": null, \"os\": null, \"pa\": null, \"pl\": null, \"pt\": null, \"pt-br\": null, \"ro\": null, \"ru\": null, \"sk\": null, \"sl\": null, \"sq\": null, \"sr\": null, \"sr-latn\": null, \"sv\": null, \"sw\": null, \"ta\": null, \"te\": null, \"th\": null, \"tr\": null, \"tt\": null, \"udm\": null, \"uk\": null, \"ur\": null, \"vi\": null, \"zh-hans\": null, \"zh-hant\": null}",
      "static_content": "{\"af\": \"\", \"ar\": \"\", \"ast\": \"\", \"az\": \"\", \"bg\": \"\", \"be\": \"\", \"bn\": \"\", \"br\": \"\", \"bs\": \"\", \"ca\": \"\", \"cs\": \"\", \"cy\": \"\", \"da\": \"\", \"de\": \"\", \"dsb\": \"\", \"el\": \"\", \"en\": \"\", \"en-au\": \"\", \"en-gb\": \"\", \"eo\": \"\", \"es\": \"\", \"es-ar\": \"\", \"es-co\": \"\", \"es-mx\": \"\", \"es-ni\": \"\", \"es-ve\": \"\", \"et\": \"\", \"eu\": \"\", \"fa\": \"\", \"fi\": \"\", \"fr\": \"\", \"fy\": \"\", \"ga\": \"\", \"gd\": \"\", \"gl\": \"\", \"he\": \"\", \"hi\": \"\", \"hr\": \"\", \"hsb\": \"\", \"hu\": \"\", \"hy\": \"\", \"ia\": \"\", \"id\": \"\", \"io\": \"\", \"is\": \"\", \"it\": \"\", \"ja\": \"\", \"ka\": \"\", \"kab\": \"\", \"kk\": \"\", \"km\": \"\", \"kn\": \"\", \"ko\": \"\", \"lb\": \"\", \"lt\": \"\", \"lv\": \"\", \"mk\": \"\", \"ml\": \"\", \"mn\": \"\", \"mr\": \"\", \"my\": \"\", \"nb\": \"\", \"ne\": \"\", \"nl\": \"\", \"nn\": \"\", \"os\": \"\", \"pa\": \"\", \"pl\": \"\", \"pt\": \"\", \"pt-br\": \"\", \"ro\": \"\", \"ru\": \"\", \"sk\": \"\", \"sl\": \"\", \"sq\": \"\", \"sr\": \"\", \"sr-latn\": \"\", \"sv\": \"\", \"sw\": \"\", \"ta\": \"\", \"te\": \"\", \"th\": \"\", \"tr\": \"\", \"tt\": \"\", \"udm\": \"\", \"uk\": \"\", \"ur\": \"\", \"vi\": \"\", \"zh-hans\": \"\", \"zh-hant\": \"\"}",
      "configuration": {
        "max_value": null,
        "min_value": null
      },
      "meta": {},
      "data_source": null,
      "row_form": null,
      "sub_form": null,
      "source": null,
      "format_validators": "[]"
    }
  },
  {
    "model": "caluma_form.question",
    "pk": "integer-question",
    "fields": {
      "created_at": "2019-12-13T09:46:21.382Z",
      "modified_at": "2019-12-13T09:46:21.382Z",
      "created_by_user": null,
      "created_by_group": null,
      "label": "{\"af\": null, \"ar\": null, \"ast\": null, \"az\": null, \"bg\": null, \"be\": null, \"bn\": null, \"br\": null, \"bs\": null, \"ca\": null, \"cs\": null, \"cy\": null, \"da\": null, \"de\": null, \"dsb\": null, \"el\": null, \"en\": \"integer question\", \"en-au\": null, \"en-gb\": null, \"eo\": null, \"es\": null, \"es-ar\": null, \"es-co\": null, \"es-mx\": null, \"es-ni\": null, \"es-ve\": null, \"et\": null, \"eu\": null, \"fa\": null, \"fi\": null, \"fr\": null, \"fy\": null, \"ga\": null, \"gd\": null, \"gl\": null, \"he\": null, \"hi\": null, \"hr\": null, \"hsb\": null, \"hu\": null, \"hy\": null, \"ia\": null, \"id\": null, \"io\": null, \"is\": null, \"it\": null, \"ja\": null, \"ka\": null, \"kab\": null, \"kk\": null, \"km\": null, \"kn\": null, \"ko\": null, \"lb\": null, \"lt\": null, \"lv\": null, \"mk\": null, \"ml\": null, \"mn\": null, \"mr\": null, \"my\": null, \"nb\": null, \"ne\": null, \"nl\": null, \"nn\": null, \"os\": null, \"pa\": null, \"pl\": null, \"pt\": null, \"pt-br\": null, \"ro\": null, \"ru\": null, \"sk\": null, \"sl\": null, \"sq\": null, \"sr\": null, \"sr-latn\": null, \"sv\": null, \"sw\": null, \"ta\": null, \"te\": null, \"th\": null, \"tr\": null, \"tt\": null, \"udm\": null, \"uk\": null, \"ur\": null, \"vi\": null, \"zh-hans\": null, \"zh-hant\": null}",
      "type": "integer",
      "is_required": "false",
      "is_hidden": "false",
      "is_archived": false,
      "placeholder": "{\"af\": null, \"ar\": null, \"ast\": null, \"az\": null, \"bg\": null, \"be\": null, \"bn\": null, \"br\": null, \"bs\": null, \"ca\": null, \"cs\": null, \"cy\": null, \"da\": null, \"de\": null, \"dsb\": null, \"el\": null, \"en\": null, \"en-au\": null, \"en-gb\": null, \"eo\": null, \"es\": null, \"es-ar\": null, \"es-co\": null, \"es-mx\": null, \"es-ni\": null, \"es-ve\": null, \"et\": null, \"eu\": null, \"fa\": null, \"fi\": null, \"fr\": null, \"fy\": null, \"ga\": null, \"gd\": null, \"gl\": null, \"he\": null, \"hi\": null, \"hr\": null, \"hsb\": null, \"hu\": null, \"hy\": null, \"ia\": null, \"id\": null, \"io\": null, \"is\": null, \"it\": null, \"ja\": null, \"ka\": null, \"kab\": null, \"kk\": null, \"km\": null, \"kn\": null, \"ko\": null, \"lb\": null, \"lt\": null, \"lv\": null, \"mk\": null, \"ml\": null, \"mn\": null, \"mr\": null, \"my\": null, \"nb\": null, \"ne\": null, \"nl\": null, \"nn\": null, \"os\": null, \"pa\": null, \"pl\": null, \"pt\": null, \"pt-br\": null, \"ro\": null, \"ru\": null, \"sk\": null, \"sl\": null, \"sq\": null, \"sr\": null, \"sr-latn\": null, \"sv\": null, \"sw\": null, \"ta\": null, \"te\": null, \"th\": null, \"tr\": null, \"tt\": null, \"udm\": null, \"uk\": null, \"ur\": null, \"vi\": null, \"zh-hans\": null, \"zh-hant\": null}",
      "info_text": "{\"af\": null, \"ar\": null, \"ast\": null, \"az\": null, \"bg\": null, \"be\": null, \"bn\": null, \"br\": null, \"bs\": null, \"ca\": null, \"cs\": null, \"cy\": null, \"da\": null, \"de\": null, \"dsb\": null, \"el\": null, \"en\": null, \"en-au\": null, \"en-gb\": null, \"eo\": null, \"es\": null, \"es-ar\": null, \"es-co\": null, \"es-mx\": null, \"es-ni\": null, \"es-ve\": null, \"et\": null, \"eu\": null, \"fa\": null, \"fi\": null, \"fr\": null, \"fy\": null, \"ga\": null, \"gd\": null, \"gl\": null, \"he\": null, \"hi\": null, \"hr\": null, \"hsb\": null, \"hu\": null, \"hy\": null, \"ia\": null, \"id\": null, \"io\": null, \"is\": null, \"it\": null, \"ja\": null, \"ka\": null, \"kab\": null, \"kk\": null, \"km\": null, \"kn\": null, \"ko\": null, \"lb\": null, \"lt\": null, \"lv\": null, \"mk\": null, \"ml\": null, \"mn\": null, \"mr\": null, \"my\": null, \"nb\": null, \"ne\": null, \"nl\": null, \"nn\": null, \"os\": null, \"pa\": null, \"pl\": null, \"pt\": null, \"pt-br\": null, \"ro\": null, \"ru\": null, \"sk\": null, \"sl\": null, \"sq\": null, \"sr\": null, \"sr-latn\": null, \"sv\": null, \"sw\": null, \"ta\": null, \"te\": null, \"th\": null, \"tr\": null, \"tt\": null, \"udm\": null, \"uk\": null, \"ur\": null, \"vi\": null, \"zh-hans\": null, \"zh-hant\": null}",
      "static_content": "{\"af\": \"\", \"ar\": \"\", \"ast\": \"\", \"az\": \"\", \"bg\": \"\", \"be\": \"\", \"bn\": \"\", \"br\": \"\", \"bs\": \"\", \"ca\": \"\", \"cs\": \"\", \"cy\": \"\", \"da\": \"\", \"de\": \"\", \"dsb\": \"\", \"el\": \"\", \"en\": \"\", \"en-au\": \"\", \"en-gb\": \"\", \"eo\": \"\", \"es\": \"\", \"es-ar\": \"\", \"es-co\": \"\", \"es-mx\": \"\", \"es-ni\": \"\", \"es-ve\": \"\", \"et\": \"\", \"eu\": \"\", \"fa\": \"\", \"fi\": \"\", \"fr\": \"\", \"fy\": \"\", \"ga\": \"\", \"gd\": \"\", \"gl\": \"\", \"he\": \"\", \"hi\": \"\", \"hr\": \"\", \"hsb\": \"\", \"hu\": \"\", \"hy\": \"\", \"ia\": \"\", \"id\": \"\", \"io\": \"\", \"is\": \"\", \"it\": \"\", \"ja\": \"\", \"ka\": \"\", \"kab\": \"\", \"kk\": \"\", \"km\": \"\", \"kn\": \"\", \"ko\": \"\", \"lb\": \"\", \"lt\": \"\", \"lv\": \"\", \"mk\": \"\", \"ml\": \"\", \"mn\": \"\", \"mr\": \"\", \"my\": \"\", \"nb\": \"\", \"ne\": \"\", \"nl\": \"\", \"nn\": \"\", \"os\": \"\", \"pa\": \"\", \"pl\": \"\", \"pt\": \"\", \"pt-br\": \"\", \"ro\": \"\", \"ru\": \"\", \"sk\": \"\", \"sl\": \"\", \"sq\": \"\", \"sr\": \"\", \"sr-latn\": \"\", \"sv\": \"\", \"sw\": \"\", \"ta\": \"\", \"te\": \"\", \"th\": \"\", \"tr\": \"\", \"tt\": \"\", \"udm\": \"\", \"uk\": \"\", \"ur\": \"\", \"vi\": \"\", \"zh-hans\": \"\", \"zh-hant\": \"\"}",
      "configuration": {
        "max_value": null,
        "min_value": null
      },
      "meta": {},
      "data_source": null,
      "row_form": null,
      "sub_form": null,
      "source": null,
      "format_validators": "[]"
    }
  },
  {
    "model": "caluma_form.question",
    "pk": "table-question",
    "fields": {
      "created_at": "2019-12-13T09:03:45.368Z",
      "modified_at": "2019-12-13T09:03:45.368Z",
      "created_by_user": null,
      "created_by_group": null,
      "label": "{\"af\": null, \"ar\": null, \"ast\": null, \"az\": null, \"bg\": null, \"be\": null, \"bn\": null, \"br\": null, \"bs\": null, \"ca\": null, \"cs\": null, \"cy\": null, \"da\": null, \"de\": null, \"dsb\": null, \"el\": null, \"en\": \"table-question\", \"en-au\": null, \"en-gb\": null, \"eo\": null, \"es\": null, \"es-ar\": null, \"es-co\": null, \"es-mx\": null, \"es-ni\": null, \"es-ve\": null, \"et\": null, \"eu\": null, \"fa\": null, \"fi\": null, \"fr\": null, \"fy\": null, \"ga\": null, \"gd\": null, \"gl\": null, \"he\": null, \"hi\": null, \"hr\": null, \"hsb\": null, \"hu\": null, \"hy\": null, \"ia\": null, \"id\": null, \"io\": null, \"is\": null, \"it\": null, \"ja\": null, \"ka\": null, \"kab\": null, \"kk\": null, \"km\": null, \"kn\": null, \"ko\": null, \"lb\": null, \"lt\": null, \"lv\": null, \"mk\": null, \"ml\": null, \"mn\": null, \"mr\": null, \"my\": null, \"nb\": null, \"ne\": null, \"nl\": null, \"nn\": null, \"os\": null, \"pa\": null, \"pl\": null, \"pt\": null, \"pt-br\": null, \"ro\": null, \"ru\": null, \"sk\": null, \"sl\": null, \"sq\": null, \"sr\": null, \"sr-latn\": null, \"sv\": null, \"sw\": null, \"ta\": null, \"te\": null, \"th\": null, \"tr\": null, \"tt\": null, \"udm\": null, \"uk\": null, \"ur\": null, \"vi\": null, \"zh-hans\": null, \"zh-hant\": null}",
      "type": "table",
      "is_required": "false",
      "is_hidden": "false",
      "is_archived": false,
      "placeholder": "{\"af\": null, \"ar\": null, \"ast\": null, \"az\": null, \"bg\": null, \"be\": null, \"bn\": null, \"br\": null, \"bs\": null, \"ca\": null, \"cs\": null, \"cy\": null, \"da\": null, \"de\": null, \"dsb\": null, \"el\": null, \"en\": null, \"en-au\": null, \"en-gb\": null, \"eo\": null, \"es\": null, \"es-ar\": null, \"es-co\": null, \"es-mx\": null, \"es-ni\": null, \"es-ve\": null, \"et\": null, \"eu\": null, \"fa\": null, \"fi\": null, \"fr\": null, \"fy\": null, \"ga\": null, \"gd\": null, \"gl\": null, \"he\": null, \"hi\": null, \"hr\": null, \"hsb\": null, \"hu\": null, \"hy\": null, \"ia\": null, \"id\": null, \"io\": null, \"is\": null, \"it\": null, \"ja\": null, \"ka\": null, \"kab\": null, \"kk\": null, \"km\": null, \"kn\": null, \"ko\": null, \"lb\": null, \"lt\": null, \"lv\": null, \"mk\": null, \"ml\": null, \"mn\": null, \"mr\": null, \"my\": null, \"nb\": null, \"ne\": null, \"nl\": null, \"nn\": null, \"os\": null, \"pa\": null, \"pl\": null, \"pt\": null, \"pt-br\": null, \"ro\": null, \"ru\": null, \"sk\": null, \"sl\": null, \"sq\": null, \"sr\": null, \"sr-latn\": null, \"sv\": null, \"sw\": null, \"ta\": null, \"te\": null, \"th\": null, \"tr\": null, \"tt\": null, \"udm\": null, \"uk\": null, \"ur\": null, \"vi\": null, \"zh-hans\": null, \"zh-hant\": null}",
      "info_text": "{\"af\": null, \"ar\": null, \"ast\": null, \"az\": null, \"bg\": null, \"be\": null, \"bn\": null, \"br\": null, \"bs\": null, \"ca\": null, \"cs\": null, \"cy\": null, \"da\": null, \"de\": null, \"dsb\": null, \"el\": null, \"en\": null, \"en-au\": null, \"en-gb\": null, \"eo\": null, \"es\": null, \"es-ar\": null, \"es-co\": null, \"es-mx\": null, \"es-ni\": null, \"es-ve\": null, \"et\": null, \"eu\": null, \"fa\": null, \"fi\": null, \"fr\": null, \"fy\": null, \"ga\": null, \"gd\": null, \"gl\": null, \"he\": null, \"hi\": null, \"hr\": null, \"hsb\": null, \"hu\": null, \"hy\": null, \"ia\": null, \"id\": null, \"io\": null, \"is\": null, \"it\": null, \"ja\": null, \"ka\": null, \"kab\": null, \"kk\": null, \"km\": null, \"kn\": null, \"ko\": null, \"lb\": null, \"lt\": null, \"lv\": null, \"mk\": null, \"ml\": null, \"mn\": null, \"mr\": null, \"my\": null, \"nb\": null, \"ne\": null, \"nl\": null, \"nn\": null, \"os\": null, \"pa\": null, \"pl\": null, \"pt\": null, \"pt-br\": null, \"ro\": null, \"ru\": null, \"sk\": null, \"sl\": null, \"sq\": null, \"sr\": null, \"sr-latn\": null, \"sv\": null, \"sw\": null, \"ta\": null, \"te\": null, \"th\": null, \"tr\": null, \"tt\": null, \"udm\": null, \"uk\": null, \"ur\": null, \"vi\": null, \"zh-hans\": null, \"zh-hant\": null}",
      "static_content": "{\"af\": \"\", \"ar\": \"\", \"ast\": \"\", \"az\": \"\", \"bg\": \"\", \"be\": \"\", \"bn\": \"\", \"br\": \"\", \"bs\": \"\", \"ca\": \"\", \"cs\": \"\", \"cy\": \"\", \"da\": \"\", \"de\": \"\", \"dsb\": \"\", \"el\": \"\", \"en\": \"\", \"en-au\": \"\", \"en-gb\": \"\", \"eo\": \"\", \"es\": \"\", \"es-ar\": \"\", \"es-co\": \"\", \"es-mx\": \"\", \"es-ni\": \"\", \"es-ve\": \"\", \"et\": \"\", \"eu\": \"\", \"fa\": \"\", \"fi\": \"\", \"fr\": \"\", \"fy\": \"\", \"ga\": \"\", \"gd\": \"\", \"gl\": \"\", \"he\": \"\", \"hi\": \"\", \"hr\": \"\", \"hsb\": \"\", \"hu\": \"\", \"hy\": \"\", \"ia\": \"\", \"id\": \"\", \"io\": \"\", \"is\": \"\", \"it\": \"\", \"ja\": \"\", \"ka\": \"\", \"kab\": \"\", \"kk\": \"\", \"km\": \"\", \"kn\": \"\", \"ko\": \"\", \"lb\": \"\", \"lt\": \"\", \"lv\": \"\", \"mk\": \"\", \"ml\": \"\", \"mn\": \"\", \"mr\": \"\", \"my\": \"\", \"nb\": \"\", \"ne\": \"\", \"nl\": \"\", \"nn\": \"\", \"os\": \"\", \"pa\": \"\", \"pl\": \"\", \"pt\": \"\", \"pt-br\": \"\", \"ro\": \"\", \"ru\": \"\", \"sk\": \"\", \"sl\": \"\", \"sq\": \"\", \"sr\": \"\", \"sr-latn\": \"\", \"sv\": \"\", \"sw\": \"\", \"ta\": \"\", \"te\": \"\", \"th\": \"\", \"tr\": \"\", \"tt\": \"\", \"udm\": \"\", \"uk\": \"\", \"ur\": \"\", \"vi\": \"\", \"zh-hans\": \"\", \"zh-hant\": \"\"}",
      "configuration": {},
      "meta": {},
      "data_source": null,
      "row_form": "table-form",
      "sub_form": null,
      "source": null,
      "format_validators": "[]"
    }
  },
  {
    "model": "caluma_form.question",
    "pk": "text-question",
    "fields": {
      "created_at": "2019-12-13T09:01:47.576Z",
      "modified_at": "2019-12-13T09:01:47.576Z",
      "created_by_user": null,
      "created_by_group": null,
      "label": "{\"af\": null, \"ar\": null, \"ast\": null, \"az\": null, \"bg\": null, \"be\": null, \"bn\": null, \"br\": null, \"bs\": null, \"ca\": null, \"cs\": null, \"cy\": null, \"da\": null, \"de\": null, \"dsb\": null, \"el\": null, \"en\": \"text question\", \"en-au\": null, \"en-gb\": null, \"eo\": null, \"es\": null, \"es-ar\": null, \"es-co\": null, \"es-mx\": null, \"es-ni\": null, \"es-ve\": null, \"et\": null, \"eu\": null, \"fa\": null, \"fi\": null, \"fr\": null, \"fy\": null, \"ga\": null, \"gd\": null, \"gl\": null, \"he\": null, \"hi\": null, \"hr\": null, \"hsb\": null, \"hu\": null, \"hy\": null, \"ia\": null, \"id\": null, \"io\": null, \"is\": null, \"it\": null, \"ja\": null, \"ka\": null, \"kab\": null, \"kk\": null, \"km\": null, \"kn\": null, \"ko\": null, \"lb\": null, \"lt\": null, \"lv\": null, \"mk\": null, \"ml\": null, \"mn\": null, \"mr\": null, \"my\": null, \"nb\": null, \"ne\": null, \"nl\": null, \"nn\": null, \"os\": null, \"pa\": null, \"pl\": null, \"pt\": null, \"pt-br\": null, \"ro\": null, \"ru\": null, \"sk\": null, \"sl\": null, \"sq\": null, \"sr\": null, \"sr-latn\": null, \"sv\": null, \"sw\": null, \"ta\": null, \"te\": null, \"th\": null, \"tr\": null, \"tt\": null, \"udm\": null, \"uk\": null, \"ur\": null, \"vi\": null, \"zh-hans\": null, \"zh-hant\": null}",
      "type": "text",
      "is_required": "false",
      "is_hidden": "false",
      "is_archived": false,
      "placeholder": "{\"af\": null, \"ar\": null, \"ast\": null, \"az\": null, \"bg\": null, \"be\": null, \"bn\": null, \"br\": null, \"bs\": null, \"ca\": null, \"cs\": null, \"cy\": null, \"da\": null, \"de\": null, \"dsb\": null, \"el\": null, \"en\": null, \"en-au\": null, \"en-gb\": null, \"eo\": null, \"es\": null, \"es-ar\": null, \"es-co\": null, \"es-mx\": null, \"es-ni\": null, \"es-ve\": null, \"et\": null, \"eu\": null, \"fa\": null, \"fi\": null, \"fr\": null, \"fy\": null, \"ga\": null, \"gd\": null, \"gl\": null, \"he\": null, \"hi\": null, \"hr\": null, \"hsb\": null, \"hu\": null, \"hy\": null, \"ia\": null, \"id\": null, \"io\": null, \"is\": null, \"it\": null, \"ja\": null, \"ka\": null, \"kab\": null, \"kk\": null, \"km\": null, \"kn\": null, \"ko\": null, \"lb\": null, \"lt\": null, \"lv\": null, \"mk\": null, \"ml\": null, \"mn\": null, \"mr\": null, \"my\": null, \"nb\": null, \"ne\": null, \"nl\": null, \"nn\": null, \"os\": null, \"pa\": null, \"pl\": null, \"pt\": null, \"pt-br\": null, \"ro\": null, \"ru\": null, \"sk\": null, \"sl\": null, \"sq\": null, \"sr\": null, \"sr-latn\": null, \"sv\": null, \"sw\": null, \"ta\": null, \"te\": null, \"th\": null, \"tr\": null, \"tt\": null, \"udm\": null, \"uk\": null, \"ur\": null, \"vi\": null, \"zh-hans\": null, \"zh-hant\": null}",
      "info_text": "{\"af\": null, \"ar\": null, \"ast\": null, \"az\": null, \"bg\": null, \"be\": null, \"bn\": null, \"br\": null, \"bs\": null, \"ca\": null, \"cs\": null, \"cy\": null, \"da\": null, \"de\": null, \"dsb\": null, \"el\": null, \"en\": null, \"en-au\": null, \"en-gb\": null, \"eo\": null, \"es\": null, \"es-ar\": null, \"es-co\": null, \"es-mx\": null, \"es-ni\": null, \"es-ve\": null, \"et\": null, \"eu\": null, \"fa\": null, \"fi\": null, \"fr\": null, \"fy\": null, \"ga\": null, \"gd\": null, \"gl\": null, \"he\": null, \"hi\": null, \"hr\": null, \"hsb\": null, \"hu\": null, \"hy\": null, \"ia\": null, \"id\": null, \"io\": null, \"is\": null, \"it\": null, \"ja\": null, \"ka\": null, \"kab\": null, \"kk\": null, \"km\": null, \"kn\": null, \"ko\": null, \"lb\": null, \"lt\": null, \"lv\": null, \"mk\": null, \"ml\": null, \"mn\": null, \"mr\": null, \"my\": null, \"nb\": null, \"ne\": null, \"nl\": null, \"nn\": null, \"os\": null, \"pa\": null, \"pl\": null, \"pt\": null, \"pt-br\": null, \"ro\": null, \"ru\": null, \"sk\": null, \"sl\": null, \"sq\": null, \"sr\": null, \"sr-latn\": null, \"sv\": null, \"sw\": null, \"ta\": null, \"te\": null, \"th\": null, \"tr\": null, \"tt\": null, \"udm\": null, \"uk\": null, \"ur\": null, \"vi\": null, \"zh-hans\": null, \"zh-hant\": null}",
      "static_content": "{\"af\": \"\", \"ar\": \"\", \"ast\": \"\", \"az\": \"\", \"bg\": \"\", \"be\": \"\", \"bn\": \"\", \"br\": \"\", \"bs\": \"\", \"ca\": \"\", \"cs\": \"\", \"cy\": \"\", \"da\": \"\", \"de\": \"\", \"dsb\": \"\", \"el\": \"\", \"en\": \"\", \"en-au\": \"\", \"en-gb\": \"\", \"eo\": \"\", \"es\": \"\", \"es-ar\": \"\", \"es-co\": \"\", \"es-mx\": \"\", \"es-ni\": \"\", \"es-ve\": \"\", \"et\": \"\", \"eu\": \"\", \"fa\": \"\", \"fi\": \"\", \"fr\": \"\", \"fy\": \"\", \"ga\": \"\", \"gd\": \"\", \"gl\": \"\", \"he\": \"\", \"hi\": \"\", \"hr\": \"\", \"hsb\": \"\", \"hu\": \"\", \"hy\": \"\", \"ia\": \"\", \"id\": \"\", \"io\": \"\", \"is\": \"\", \"it\": \"\", \"ja\": \"\", \"ka\": \"\", \"kab\": \"\", \"kk\": \"\", \"km\": \"\", \"kn\": \"\", \"ko\": \"\", \"lb\": \"\", \"lt\": \"\", \"lv\": \"\", \"mk\": \"\", \"ml\": \"\", \"mn\": \"\", \"mr\": \"\", \"my\": \"\", \"nb\": \"\", \"ne\": \"\", \"nl\": \"\", \"nn\": \"\", \"os\": \"\", \"pa\": \"\", \"pl\": \"\", \"pt\": \"\", \"pt-br\": \"\", \"ro\": \"\", \"ru\": \"\", \"sk\": \"\", \"sl\": \"\", \"sq\": \"\", \"sr\": \"\", \"sr-latn\": \"\", \"sv\": \"\", \"sw\": \"\", \"ta\": \"\", \"te\": \"\", \"th\": \"\", \"tr\": \"\", \"tt\": \"\", \"udm\": \"\", \"uk\": \"\", \"ur\": \"\", \"vi\": \"\", \"zh-hans\": \"\", \"zh-hant\": \"\"}",
      "configuration": {
        "max_length": null
      },
      "meta": {},
      "data_source": null,
      "row_form": null,
      "sub_form": null,
      "source": null,
      "format_validators": "[]"
    }
  },
  {
    "model": "caluma_form.question",
    "pk": "textarea-question",
    "fields": {
      "created_at": "2019-12-13T09:11:48.982Z",
      "modified_at": "2019-12-13T09:11:48.982Z",
      "created_by_user": null,
      "created_by_group": null,
      "label": "{\"af\": null, \"ar\": null, \"ast\": null, \"az\": null, \"bg\": null, \"be\": null, \"bn\": null, \"br\": null, \"bs\": null, \"ca\": null, \"cs\": null, \"cy\": null, \"da\": null, \"de\": null, \"dsb\": null, \"el\": null, \"en\": \"textarea question\", \"en-au\": null, \"en-gb\": null, \"eo\": null, \"es\": null, \"es-ar\": null, \"es-co\": null, \"es-mx\": null, \"es-ni\": null, \"es-ve\": null, \"et\": null, \"eu\": null, \"fa\": null, \"fi\": null, \"fr\": null, \"fy\": null, \"ga\": null, \"gd\": null, \"gl\": null, \"he\": null, \"hi\": null, \"hr\": null, \"hsb\": null, \"hu\": null, \"hy\": null, \"ia\": null, \"id\": null, \"io\": null, \"is\": null, \"it\": null, \"ja\": null, \"ka\": null, \"kab\": null, \"kk\": null, \"km\": null, \"kn\": null, \"ko\": null, \"lb\": null, \"lt\": null, \"lv\": null, \"mk\": null, \"ml\": null, \"mn\": null, \"mr\": null, \"my\": null, \"nb\": null, \"ne\": null, \"nl\": null, \"nn\": null, \"os\": null, \"pa\": null, \"pl\": null, \"pt\": null, \"pt-br\": null, \"ro\": null, \"ru\": null, \"sk\": null, \"sl\": null, \"sq\": null, \"sr\": null, \"sr-latn\": null, \"sv\": null, \"sw\": null, \"ta\": null, \"te\": null, \"th\": null, \"tr\": null, \"tt\": null, \"udm\": null, \"uk\": null, \"ur\": null, \"vi\": null, \"zh-hans\": null, \"zh-hant\": null}",
      "type": "textarea",
      "is_required": "false",
      "is_hidden": "false",
      "is_archived": false,
      "placeholder": "{\"af\": null, \"ar\": null, \"ast\": null, \"az\": null, \"bg\": null, \"be\": null, \"bn\": null, \"br\": null, \"bs\": null, \"ca\": null, \"cs\": null, \"cy\": null, \"da\": null, \"de\": null, \"dsb\": null, \"el\": null, \"en\": null, \"en-au\": null, \"en-gb\": null, \"eo\": null, \"es\": null, \"es-ar\": null, \"es-co\": null, \"es-mx\": null, \"es-ni\": null, \"es-ve\": null, \"et\": null, \"eu\": null, \"fa\": null, \"fi\": null, \"fr\": null, \"fy\": null, \"ga\": null, \"gd\": null, \"gl\": null, \"he\": null, \"hi\": null, \"hr\": null, \"hsb\": null, \"hu\": null, \"hy\": null, \"ia\": null, \"id\": null, \"io\": null, \"is\": null, \"it\": null, \"ja\": null, \"ka\": null, \"kab\": null, \"kk\": null, \"km\": null, \"kn\": null, \"ko\": null, \"lb\": null, \"lt\": null, \"lv\": null, \"mk\": null, \"ml\": null, \"mn\": null, \"mr\": null, \"my\": null, \"nb\": null, \"ne\": null, \"nl\": null, \"nn\": null, \"os\": null, \"pa\": null, \"pl\": null, \"pt\": null, \"pt-br\": null, \"ro\": null, \"ru\": null, \"sk\": null, \"sl\": null, \"sq\": null, \"sr\": null, \"sr-latn\": null, \"sv\": null, \"sw\": null, \"ta\": null, \"te\": null, \"th\": null, \"tr\": null, \"tt\": null, \"udm\": null, \"uk\": null, \"ur\": null, \"vi\": null, \"zh-hans\": null, \"zh-hant\": null}",
      "info_text": "{\"af\": null, \"ar\": null, \"ast\": null, \"az\": null, \"bg\": null, \"be\": null, \"bn\": null, \"br\": null, \"bs\": null, \"ca\": null, \"cs\": null, \"cy\": null, \"da\": null, \"de\": null, \"dsb\": null, \"el\": null, \"en\": null, \"en-au\": null, \"en-gb\": null, \"eo\": null, \"es\": null, \"es-ar\": null, \"es-co\": null, \"es-mx\": null, \"es-ni\": null, \"es-ve\": null, \"et\": null, \"eu\": null, \"fa\": null, \"fi\": null, \"fr\": null, \"fy\": null, \"ga\": null, \"gd\": null, \"gl\": null, \"he\": null, \"hi\": null, \"hr\": null, \"hsb\": null, \"hu\": null, \"hy\": null, \"ia\": null, \"id\": null, \"io\": null, \"is\": null, \"it\": null, \"ja\": null, \"ka\": null, \"kab\": null, \"kk\": null, \"km\": null, \"kn\": null, \"ko\": null, \"lb\": null, \"lt\": null, \"lv\": null, \"mk\": null, \"ml\": null, \"mn\": null, \"mr\": null, \"my\": null, \"nb\": null, \"ne\": null, \"nl\": null, \"nn\": null, \"os\": null, \"pa\": null, \"pl\": null, \"pt\": null, \"pt-br\": null, \"ro\": null, \"ru\": null, \"sk\": null, \"sl\": null, \"sq\": null, \"sr\": null, \"sr-latn\": null, \"sv\": null, \"sw\": null, \"ta\": null, \"te\": null, \"th\": null, \"tr\": null, \"tt\": null, \"udm\": null, \"uk\": null, \"ur\": null, \"vi\": null, \"zh-hans\": null, \"zh-hant\": null}",
      "static_content": "{\"af\": \"\", \"ar\": \"\", \"ast\": \"\", \"az\": \"\", \"bg\": \"\", \"be\": \"\", \"bn\": \"\", \"br\": \"\", \"bs\": \"\", \"ca\": \"\", \"cs\": \"\", \"cy\": \"\", \"da\": \"\", \"de\": \"\", \"dsb\": \"\", \"el\": \"\", \"en\": \"\", \"en-au\": \"\", \"en-gb\": \"\", \"eo\": \"\", \"es\": \"\", \"es-ar\": \"\", \"es-co\": \"\", \"es-mx\": \"\", \"es-ni\": \"\", \"es-ve\": \"\", \"et\": \"\", \"eu\": \"\", \"fa\": \"\", \"fi\": \"\", \"fr\": \"\", \"fy\": \"\", \"ga\": \"\", \"gd\": \"\", \"gl\": \"\", \"he\": \"\", \"hi\": \"\", \"hr\": \"\", \"hsb\": \"\", \"hu\": \"\", \"hy\": \"\", \"ia\": \"\", \"id\": \"\", \"io\": \"\", \"is\": \"\", \"it\": \"\", \"ja\": \"\", \"ka\": \"\", \"kab\": \"\", \"kk\": \"\", \"km\": \"\", \"kn\": \"\", \"ko\": \"\", \"lb\": \"\", \"lt\": \"\", \"lv\": \"\", \"mk\": \"\", \"ml\": \"\", \"mn\": \"\", \"mr\": \"\", \"my\": \"\", \"nb\": \"\", \"ne\": \"\", \"nl\": \"\", \"nn\": \"\", \"os\": \"\", \"pa\": \"\", \"pl\": \"\", \"pt\": \"\", \"pt-br\": \"\", \"ro\": \"\", \"ru\": \"\", \"sk\": \"\", \"sl\": \"\", \"sq\": \"\", \"sr\": \"\", \"sr-latn\": \"\", \"sv\": \"\", \"sw\": \"\", \"ta\": \"\", \"te\": \"\", \"th\": \"\", \"tr\": \"\", \"tt\": \"\", \"udm\": \"\", \"uk\": \"\", \"ur\": \"\", \"vi\": \"\", \"zh-hans\": \"\", \"zh-hant\": \"\"}",
      "configuration": {
        "max_length": null
      },
      "meta": {},
      "data_source": null,
      "row_form": null,
      "sub_form": null,
      "source": null,
      "format_validators": "[]"
    }
  },
  {
    "model": "caluma_form.questionoption",
    "pk": "choice-question.choice-question-opt-1",
    "fields": {
      "created_at": "2019-12-13T09:04:56.674Z",
      "modified_at": "2019-12-13T09:04:56.674Z",
      "created_by_user": null,
      "created_by_group": null,
      "question": "choice-question",
      "option": "choice-question-opt-1",
      "sort": 2
    }
  },
  {
    "model": "caluma_form.questionoption",
    "pk": "choice-question.choice-question-opt-2",
    "fields": {
      "created_at": "2019-12-13T09:04:56.663Z",
      "modified_at": "2019-12-13T09:04:56.663Z",
      "created_by_user": null,
      "created_by_group": null,
      "question": "choice-question",
      "option": "choice-question-opt-2",
      "sort": 1
    }
  },
  {
    "model": "caluma_form.questionoption",
    "pk": "choices-question.choices-question-opt1",
    "fields": {
      "created_at": "2019-12-13T09:10:00.308Z",
      "modified_at": "2019-12-13T09:10:00.308Z",
      "created_by_user": null,
      "created_by_group": null,
      "question": "choices-question",
      "option": "choices-question-opt1",
      "sort": 2
    }
  },
  {
    "model": "caluma_form.questionoption",
    "pk": "choices-question.choices-question-opt2",
    "fields": {
      "created_at": "2019-12-13T09:10:00.304Z",
      "modified_at": "2019-12-13T09:10:00.304Z",
      "created_by_user": null,
      "created_by_group": null,
      "question": "choices-question",
      "option": "choices-question-opt2",
      "sort": 1
    }
  },
  {
    "model": "caluma_form.option",
    "pk": "choice-question-opt-1",
    "fields": {
      "created_at": "2019-12-13T09:04:56.497Z",
      "modified_at": "2019-12-13T09:04:56.497Z",
      "created_by_user": null,
      "created_by_group": null,
      "label": "{\"af\": null, \"ar\": null, \"ast\": null, \"az\": null, \"bg\": null, \"be\": null, \"bn\": null, \"br\": null, \"bs\": null, \"ca\": null, \"cs\": null, \"cy\": null, \"da\": null, \"de\": null, \"dsb\": null, \"el\": null, \"en\": \"opt 1\", \"en-au\": null, \"en-gb\": null, \"eo\": null, \"es\": null, \"es-ar\": null, \"es-co\": null, \"es-mx\": null, \"es-ni\": null, \"es-ve\": null, \"et\": null, \"eu\": null, \"fa\": null, \"fi\": null, \"fr\": null, \"fy\": null, \"ga\": null, \"gd\": null, \"gl\": null, \"he\": null, \"hi\": null, \"hr\": null, \"hsb\": null, \"hu\": null, \"hy\": null, \"ia\": null, \"id\": null, \"io\": null, \"is\": null, \"it\": null, \"ja\": null, \"ka\": null, \"kab\": null, \"kk\": null, \"km\": null, \"kn\": null, \"ko\": null, \"lb\": null, \"lt\": null, \"lv\": null, \"mk\": null, \"ml\": null, \"mn\": null, \"mr\": null, \"my\": null, \"nb\": null, \"ne\": null, \"nl\": null, \"nn\": null, \"os\": null, \"pa\": null, \"pl\": null, \"pt\": null, \"pt-br\": null, \"ro\": null, \"ru\": null, \"sk\": null, \"sl\": null, \"sq\": null, \"sr\": null, \"sr-latn\": null, \"sv\": null, \"sw\": null, \"ta\": null, \"te\": null, \"th\": null, \"tr\": null, \"tt\": null, \"udm\": null, \"uk\": null, \"ur\": null, \"vi\": null, \"zh-hans\": null, \"zh-hant\": null}",
      "is_archived": false,
      "meta": {},
      "source": null
    }
  },
  {
    "model": "caluma_form.option",
    "pk": "choice-question-opt-2",
    "fields": {
      "created_at": "2019-12-13T09:04:56.499Z",
      "modified_at": "2019-12-13T09:04:56.499Z",
      "created_by_user": null,
      "created_by_group": null,
      "label": "{\"af\": null, \"ar\": null, \"ast\": null, \"az\": null, \"bg\": null, \"be\": null, \"bn\": null, \"br\": null, \"bs\": null, \"ca\": null, \"cs\": null, \"cy\": null, \"da\": null, \"de\": null, \"dsb\": null, \"el\": null, \"en\": \"opt 2\", \"en-au\": null, \"en-gb\": null, \"eo\": null, \"es\": null, \"es-ar\": null, \"es-co\": null, \"es-mx\": null, \"es-ni\": null, \"es-ve\": null, \"et\": null, \"eu\": null, \"fa\": null, \"fi\": null, \"fr\": null, \"fy\": null, \"ga\": null, \"gd\": null, \"gl\": null, \"he\": null, \"hi\": null, \"hr\": null, \"hsb\": null, \"hu\": null, \"hy\": null, \"ia\": null, \"id\": null, \"io\": null, \"is\": null, \"it\": null, \"ja\": null, \"ka\": null, \"kab\": null, \"kk\": null, \"km\": null, \"kn\": null, \"ko\": null, \"lb\": null, \"lt\": null, \"lv\": null, \"mk\": null, \"ml\": null, \"mn\": null, \"mr\": null, \"my\": null, \"nb\": null, \"ne\": null, \"nl\": null, \"nn\": null, \"os\": null, \"pa\": null, \"pl\": null, \"pt\": null, \"pt-br\": null, \"ro\": null, \"ru\": null, \"sk\": null, \"sl\": null, \"sq\": null, \"sr\": null, \"sr-latn\": null, \"sv\": null, \"sw\": null, \"ta\": null, \"te\": null, \"th\": null, \"tr\": null, \"tt\": null, \"udm\": null, \"uk\": null, \"ur\": null, \"vi\": null, \"zh-hans\": null, \"zh-hant\": null}",
      "is_archived": false,
      "meta": {},
      "source": null
    }
  },
  {
    "model": "caluma_form.option",
    "pk": "choices-question-opt1",
    "fields": {
      "created_at": "2019-12-13T09:09:54.838Z",
      "modified_at": "2019-12-13T09:10:00.130Z",
      "created_by_user": null,
      "created_by_group": null,
      "label": "{\"af\": null, \"ar\": null, \"ast\": null, \"az\": null, \"bg\": null, \"be\": null, \"bn\": null, \"br\": null, \"bs\": null, \"ca\": null, \"cs\": null, \"cy\": null, \"da\": null, \"de\": null, \"dsb\": null, \"el\": null, \"en\": \"opt1\", \"en-au\": null, \"en-gb\": null, \"eo\": null, \"es\": null, \"es-ar\": null, \"es-co\": null, \"es-mx\": null, \"es-ni\": null, \"es-ve\": null, \"et\": null, \"eu\": null, \"fa\": null, \"fi\": null, \"fr\": null, \"fy\": null, \"ga\": null, \"gd\": null, \"gl\": null, \"he\": null, \"hi\": null, \"hr\": null, \"hsb\": null, \"hu\": null, \"hy\": null, \"ia\": null, \"id\": null, \"io\": null, \"is\": null, \"it\": null, \"ja\": null, \"ka\": null, \"kab\": null, \"kk\": null, \"km\": null, \"kn\": null, \"ko\": null, \"lb\": null, \"lt\": null, \"lv\": null, \"mk\": null, \"ml\": null, \"mn\": null, \"mr\": null, \"my\": null, \"nb\": null, \"ne\": null, \"nl\": null, \"nn\": null, \"os\": null, \"pa\": null, \"pl\": null, \"pt\": null, \"pt-br\": null, \"ro\": null, \"ru\": null, \"sk\": null, \"sl\": null, \"sq\": null, \"sr\": null, \"sr-latn\": null, \"sv\": null, \"sw\": null, \"ta\": null, \"te\": null, \"th\": null, \"tr\": null, \"tt\": null, \"udm\": null, \"uk\": null, \"ur\": null, \"vi\": null, \"zh-hans\": null, \"zh-hant\": null}",
      "is_archived": false,
      "meta": {},
      "source": null
    }
  },
  {
    "model": "caluma_form.option",
    "pk": "choices-question-opt2",
    "fields": {
      "created_at": "2019-12-13T09:10:00.128Z",
      "modified_at": "2019-12-13T09:10:00.128Z",
      "created_by_user": null,
      "created_by_group": null,
      "label": "{\"af\": null, \"ar\": null, \"ast\": null, \"az\": null, \"bg\": null, \"be\": null, \"bn\": null, \"br\": null, \"bs\": null, \"ca\": null, \"cs\": null, \"cy\": null, \"da\": null, \"de\": null, \"dsb\": null, \"el\": null, \"en\": \"opt2\", \"en-au\": null, \"en-gb\": null, \"eo\": null, \"es\": null, \"es-ar\": null, \"es-co\": null, \"es-mx\": null, \"es-ni\": null, \"es-ve\": null, \"et\": null, \"eu\": null, \"fa\": null, \"fi\": null, \"fr\": null, \"fy\": null, \"ga\": null, \"gd\": null, \"gl\": null, \"he\": null, \"hi\": null, \"hr\": null, \"hsb\": null, \"hu\": null, \"hy\": null, \"ia\": null, \"id\": null, \"io\": null, \"is\": null, \"it\": null, \"ja\": null, \"ka\": null, \"kab\": null, \"kk\": null, \"km\": null, \"kn\": null, \"ko\": null, \"lb\": null, \"lt\": null, \"lv\": null, \"mk\": null, \"ml\": null, \"mn\": null, \"mr\": null, \"my\": null, \"nb\": null, \"ne\": null, \"nl\": null, \"nn\": null, \"os\": null, \"pa\": null, \"pl\": null, \"pt\": null, \"pt-br\": null, \"ro\": null, \"ru\": null, \"sk\": null, \"sl\": null, \"sq\": null, \"sr\": null, \"sr-latn\": null, \"sv\": null, \"sw\": null, \"ta\": null, \"te\": null, \"th\": null, \"tr\": null, \"tt\": null, \"udm\": null, \"uk\": null, \"ur\": null, \"vi\": null, \"zh-hans\": null, \"zh-hant\": null}",
      "is_archived": false,
      "meta": {},
      "source": null
    }
  },
  {
    "model": "caluma_form.document",
    "pk": "227465b5-ec25-452e-b2d9-da006a598bf9",
    "fields": {
      "created_at": "2019-12-13T10:10:14.274Z",
      "modified_at": "2019-12-13T10:10:19.280Z",
      "created_by_user": null,
      "created_by_group": null,
      "family": "41c0e1f7-4c6f-4a9e-9c2a-7dafddb8e5a3",
      "form": "table-form",
      "meta": {}
    }
  },
  {
    "model": "caluma_form.document",
    "pk": "2f5e1e0f-ed3c-40b5-9917-1ab3211e8cf5",
    "fields": {
      "created_at": "2019-12-13T10:07:52.124Z",
      "modified_at": "2019-12-13T10:10:19.282Z",
      "created_by_user": null,
      "created_by_group": null,
      "family": "41c0e1f7-4c6f-4a9e-9c2a-7dafddb8e5a3",
      "form": "table-form",
      "meta": {}
    }
  },
  {
    "model": "caluma_form.document",
    "pk": "41c0e1f7-4c6f-4a9e-9c2a-7dafddb8e5a3",
    "fields": {
      "created_at": "2019-12-13T09:00:25.091Z",
      "modified_at": "2019-12-13T09:00:25.091Z",
      "created_by_user": null,
      "created_by_group": null,
      "family": "41c0e1f7-4c6f-4a9e-9c2a-7dafddb8e5a3",
      "form": "test-form",
      "meta": {}
    }
  },
  {
    "model": "caluma_form.document",
    "pk": "49360f37-8990-4991-9c82-4229674c56d2",
    "fields": {
      "created_at": "2019-12-18T14:50:33.897Z",
      "modified_at": "2019-12-18T14:51:02.441Z",
      "created_by_user": null,
      "created_by_group": null,
      "family": "41c0e1f7-4c6f-4a9e-9c2a-7dafddb8e5a3",
      "form": "table-form",
      "meta": {}
    }
  },
  {
    "model": "caluma_form.document",
    "pk": "61963dc5-dd32-4d56-a316-fed42b1d405a",
    "fields": {
      "created_at": "2019-12-13T09:37:11.320Z",
      "modified_at": "2019-12-13T09:37:18.473Z",
      "created_by_user": null,
      "created_by_group": null,
      "family": "41c0e1f7-4c6f-4a9e-9c2a-7dafddb8e5a3",
      "form": "table-form",
      "meta": {}
    }
  },
  {
    "model": "caluma_form.document",
    "pk": "688383a2-6372-4657-b261-d1add478e2e5",
    "fields": {
      "created_at": "2019-12-13T09:37:03.379Z",
      "modified_at": "2019-12-13T09:37:18.475Z",
      "created_by_user": null,
      "created_by_group": null,
      "family": "41c0e1f7-4c6f-4a9e-9c2a-7dafddb8e5a3",
      "form": "table-form",
      "meta": {}
    }
  },
  {
    "model": "caluma_form.document",
    "pk": "8839a2d4-4044-4171-9a36-f73bcddbdd44",
    "fields": {
      "created_at": "2019-12-18T14:50:51.888Z",
      "modified_at": "2019-12-18T14:51:02.446Z",
      "created_by_user": null,
      "created_by_group": null,
      "family": "41c0e1f7-4c6f-4a9e-9c2a-7dafddb8e5a3",
      "form": "table-form",
      "meta": {}
    }
  },
  {
    "model": "caluma_form.document",
    "pk": "9838a4a7-9e45-4387-97a4-ab81732fc74c",
    "fields": {
      "created_at": "2019-12-13T09:55:19.633Z",
      "modified_at": "2019-12-13T09:55:28.983Z",
      "created_by_user": null,
      "created_by_group": null,
      "family": "41c0e1f7-4c6f-4a9e-9c2a-7dafddb8e5a3",
      "form": "table-form",
      "meta": {}
    }
  },
  {
    "model": "caluma_form.document",
    "pk": "aed7ea6d-8fd8-4b07-804e-014f5c8f77cb",
    "fields": {
      "created_at": "2019-12-13T11:23:54.361Z",
      "modified_at": "2019-12-13T11:23:58.893Z",
      "created_by_user": null,
      "created_by_group": null,
      "family": "41c0e1f7-4c6f-4a9e-9c2a-7dafddb8e5a3",
      "form": "table-form",
      "meta": {}
    }
  },
  {
    "model": "caluma_form.document",
    "pk": "b75439f7-284f-4b75-9646-7deb59904ad7",
    "fields": {
      "created_at": "2019-12-13T09:55:24.804Z",
      "modified_at": "2019-12-13T09:55:28.976Z",
      "created_by_user": null,
      "created_by_group": null,
      "family": "41c0e1f7-4c6f-4a9e-9c2a-7dafddb8e5a3",
      "form": "table-form",
      "meta": {}
    }
  },
  {
    "model": "caluma_form.document",
    "pk": "c56d03c9-4fe2-4247-bd51-02c848844241",
    "fields": {
      "created_at": "2019-12-18T14:50:42.792Z",
      "modified_at": "2019-12-18T14:51:02.451Z",
      "created_by_user": null,
      "created_by_group": null,
      "family": "41c0e1f7-4c6f-4a9e-9c2a-7dafddb8e5a3",
      "form": "table-form",
      "meta": {}
    }
  },
  {
    "model": "caluma_form.document",
    "pk": "e15a0077-9ab3-4b3e-b87b-a73006b60caa",
    "fields": {
      "created_at": "2019-12-18T14:50:59.119Z",
      "modified_at": "2019-12-18T14:51:02.438Z",
      "created_by_user": null,
      "created_by_group": null,
      "family": "41c0e1f7-4c6f-4a9e-9c2a-7dafddb8e5a3",
      "form": "table-form",
      "meta": {}
    }
  },
  {
    "model": "caluma_form.document",
    "pk": "f78a17bb-c453-4205-88a6-33aabfc61b61",
    "fields": {
      "created_at": "2019-12-13T11:23:49.190Z",
      "modified_at": "2019-12-13T11:23:58.900Z",
      "created_by_user": null,
      "created_by_group": null,
      "family": "41c0e1f7-4c6f-4a9e-9c2a-7dafddb8e5a3",
      "form": "table-form",
      "meta": {}
    }
  },
  {
    "model": "caluma_form.answer",
    "pk": "0eac31c9-3947-4663-985c-fabc7ffb7d0d",
    "fields": {
      "created_at": "2019-12-18T14:50:55.433Z",
      "modified_at": "2019-12-18T14:50:55.433Z",
      "created_by_user": null,
      "created_by_group": null,
      "question": "text-question",
      "value": "and another",
      "meta": {},
      "document": "8839a2d4-4044-4171-9a36-f73bcddbdd44",
      "date": null,
      "file": null
    }
  },
  {
    "model": "caluma_form.answer",
    "pk": "1836b138-f9a3-4d8e-a02c-9660364ec892",
    "fields": {
      "created_at": "2019-12-18T14:50:41.054Z",
      "modified_at": "2019-12-18T14:50:41.054Z",
      "created_by_user": null,
      "created_by_group": null,
      "question": "choice-question",
      "value": "choice-question-opt-1",
      "meta": {},
      "document": "49360f37-8990-4991-9c82-4229674c56d2",
      "date": null,
      "file": null
    }
  },
  {
    "model": "caluma_form.answer",
    "pk": "237ba110-9b6d-40ce-9081-f527babad51f",
    "fields": {
      "created_at": "2019-12-18T14:51:22.472Z",
      "modified_at": "2019-12-18T14:51:22.472Z",
      "created_by_user": null,
      "created_by_group": null,
      "question": "integer-question",
      "value": 123,
      "meta": {},
      "document": "41c0e1f7-4c6f-4a9e-9c2a-7dafddb8e5a3",
      "date": null,
      "file": null
    }
  },
  {
    "model": "caluma_form.answer",
    "pk": "50028c79-bd19-4ca1-a915-8856862b32e3",
    "fields": {
      "created_at": "2019-12-18T14:50:39.033Z",
      "modified_at": "2019-12-18T14:50:39.033Z",
      "created_by_user": null,
      "created_by_group": null,
      "question": "text-question",
      "value": "first table answer",
      "meta": {},
      "document": "49360f37-8990-4991-9c82-4229674c56d2",
      "date": null,
      "file": null
    }
  },
  {
    "model": "caluma_form.answer",
    "pk": "7b411fd7-a007-49c2-99a6-22bd84cb74ab",
    "fields": {
      "created_at": "2019-12-18T14:50:33.124Z",
      "modified_at": "2019-12-18T14:50:33.124Z",
      "created_by_user": null,
      "created_by_group": null,
      "question": "text-question",
      "value": "some text answer",
      "meta": {},
      "document": "41c0e1f7-4c6f-4a9e-9c2a-7dafddb8e5a3",
      "date": null,
      "file": null
    }
  },
  {
    "model": "caluma_form.answer",
    "pk": "8c0470df-2568-4652-9ce7-450512bc7d01",
    "fields": {
      "created_at": "2019-12-18T14:51:01.098Z",
      "modified_at": "2019-12-18T14:51:01.098Z",
      "created_by_user": null,
      "created_by_group": null,
      "question": "choice-question",
      "value": "choice-question-opt-1",
      "meta": {},
      "document": "e15a0077-9ab3-4b3e-b87b-a73006b60caa",
      "date": null,
      "file": null
    }
  },
  {
    "model": "caluma_form.answer",
    "pk": "9b3716fb-5295-4ecc-9e12-aefde01a001f",
    "fields": {
      "created_at": "2019-12-18T14:51:15.485Z",
      "modified_at": "2019-12-18T14:51:18.269Z",
      "created_by_user": null,
      "created_by_group": null,
      "question": "textarea-question",
      "value": "a textarea answer",
      "meta": {},
      "document": "41c0e1f7-4c6f-4a9e-9c2a-7dafddb8e5a3",
      "date": null,
      "file": null
    }
  },
  {
    "model": "caluma_form.answer",
    "pk": "b44705a9-22c6-4b71-b7ab-79af6585d7d1",
    "fields": {
      "created_at": "2019-12-18T14:50:42.016Z",
      "modified_at": "2019-12-18T14:51:02.419Z",
      "created_by_user": null,
      "created_by_group": null,
      "question": "table-question",
      "value": null,
      "meta": {},
      "document": "41c0e1f7-4c6f-4a9e-9c2a-7dafddb8e5a3",
      "date": null,
      "file": null
    }
  },
  {
    "model": "caluma_form.answer",
    "pk": "bba28c50-e82f-4423-9a36-f03fe31b43d6",
    "fields": {
      "created_at": "2019-12-18T14:50:48.596Z",
      "modified_at": "2019-12-18T14:50:49.660Z",
      "created_by_user": null,
      "created_by_group": null,
      "question": "choice-question",
      "value": "choice-question-opt-2",
      "meta": {},
      "document": "c56d03c9-4fe2-4247-bd51-02c848844241",
      "date": null,
      "file": null
    }
  },
  {
    "model": "caluma_form.answer",
    "pk": "de40fd1c-bcbd-4ee5-90ea-d4e4521beae7",
    "fields": {
      "created_at": "2019-12-18T14:50:45.524Z",
      "modified_at": "2019-12-18T14:50:47.270Z",
      "created_by_user": null,
      "created_by_group": null,
      "question": "text-question",
      "value": "second table answer",
      "meta": {},
      "document": "c56d03c9-4fe2-4247-bd51-02c848844241",
      "date": null,
      "file": null
    }
  },
  {
    "model": "caluma_form.answer",
    "pk": "ea043854-0a97-4b37-9574-dea25aae6b4f",
    "fields": {
      "created_at": "2019-12-18T14:51:12.546Z",
      "modified_at": "2019-12-18T14:51:13.104Z",
      "created_by_user": null,
      "created_by_group": null,
      "question": "choices-question",
      "value": [
        "choices-question-opt1",
        "choices-question-opt2"
      ],
      "meta": {},
      "document": "41c0e1f7-4c6f-4a9e-9c2a-7dafddb8e5a3",
      "date": null,
      "file": null
    }
  },
  {
    "model": "caluma_form.answer",
    "pk": "f372a01d-328f-4a0d-9ab7-8112ceea5142",
    "fields": {
      "created_at": "2019-12-18T14:51:10.476Z",
      "modified_at": "2019-12-18T14:51:10.476Z",
      "created_by_user": null,
      "created_by_group": null,
      "question": "float-question",
      "value": 0.123,
      "meta": {},
      "document": "41c0e1f7-4c6f-4a9e-9c2a-7dafddb8e5a3",
      "date": null,
      "file": null
    }
  },
  {
    "model": "caluma_form.answer",
    "pk": "ffb2381c-7030-43a2-847e-bfc7e1345f0a",
    "fields": {
      "created_at": "2019-12-18T14:51:11.877Z",
      "modified_at": "2019-12-18T14:51:11.877Z",
      "created_by_user": null,
      "created_by_group": null,
      "question": "choice-question",
      "value": "choice-question-opt-2",
      "meta": {},
      "document": "41c0e1f7-4c6f-4a9e-9c2a-7dafddb8e5a3",
      "date": null,
      "file": null
    }
  },
  {
    "model": "caluma_form.file",
    "pk": "9eb709ca-0627-40c0-9062-17f942238f6a",
    "fields": {
      "created_at": "2019-12-13T09:37:56.772Z",
      "modified_at": "2019-12-13T09:37:56.772Z",
      "created_by_user": null,
      "created_by_group": null,
      "name": "1sem_chef_01_vegetables_A(1).pdf"
    }
  },
  {
    "model": "caluma_form.file",
    "pk": "b0e06959-12ec-46f3-8a2d-30a44f3cd89f",
    "fields": {
      "created_at": "2019-12-13T10:08:06.212Z",
      "modified_at": "2019-12-13T10:08:06.212Z",
      "created_by_user": null,
      "created_by_group": null,
      "name": "image.png"
    }
  },
  {
    "model": "caluma_form.file",
    "pk": "d299c836-0fa7-43c7-93c0-36aa55ecd095",
    "fields": {
      "created_at": "2019-12-13T09:56:07.032Z",
      "modified_at": "2019-12-13T09:56:07.032Z",
      "created_by_user": null,
      "created_by_group": null,
      "name": "image.png"
    }
  },
  {
    "model": "caluma_form.answerdocument",
    "pk": "01525142-2de5-4937-b370-520c1e5cdb61",
    "fields": {
      "created_at": "2019-12-18T14:51:02.425Z",
      "modified_at": "2019-12-18T14:51:02.425Z",
      "created_by_user": null,
      "created_by_group": null,
      "answer": "b44705a9-22c6-4b71-b7ab-79af6585d7d1",
      "document": "8839a2d4-4044-4171-9a36-f73bcddbdd44",
      "sort": 2
    }
  },
  {
    "model": "caluma_form.answerdocument",
    "pk": "9204bf27-f383-4f5a-af3b-4152b89ff909",
    "fields": {
      "created_at": "2019-12-18T14:51:02.430Z",
      "modified_at": "2019-12-18T14:51:02.430Z",
      "created_by_user": null,
      "created_by_group": null,
      "answer": "b44705a9-22c6-4b71-b7ab-79af6585d7d1",
      "document": "c56d03c9-4fe2-4247-bd51-02c848844241",
      "sort": 3
    }
  },
  {
    "model": "caluma_form.answerdocument",
    "pk": "ab13cf0b-f95f-428d-8065-7074602480da",
    "fields": {
      "created_at": "2019-12-18T14:51:02.422Z",
      "modified_at": "2019-12-18T14:51:02.422Z",
      "created_by_user": null,
      "created_by_group": null,
      "answer": "b44705a9-22c6-4b71-b7ab-79af6585d7d1",
      "document": "e15a0077-9ab3-4b3e-b87b-a73006b60caa",
      "sort": 1
    }
  },
  {
    "model": "caluma_form.answerdocument",
    "pk": "e3883985-96f1-4978-a6b6-e64f2c94cde9",
    "fields": {
      "created_at": "2019-12-18T14:51:02.434Z",
      "modified_at": "2019-12-18T14:51:02.434Z",
      "created_by_user": null,
      "created_by_group": null,
      "answer": "b44705a9-22c6-4b71-b7ab-79af6585d7d1",
      "document": "49360f37-8990-4991-9c82-4229674c56d2",
      "sort": 4
    }
  }
]
